slug,market_id,question,winner,start_unix,end_unix,start_iso,end_iso,closed,active,archived,endDate,closedTime,outcomes,outcomePrices,volume,liquidity,url
btc-updown-15m-1778735700,2248089,"Bitcoin Up or Down - May 14, 1:15AM-1:30AM ET",Up,1778735700,1778736600,2026-05-14T05:15:00.000Z,2026-05-14T05:30:00.000Z,true,true,false,2026-05-14T05:30:00Z,2026-05-14 05:30:16+00,Up|Down,1|0,39786.23490599997,,https://polymarket.com/event/btc-updown-15m-1778735700
btc-updown-15m-1778736600,2248124,"Bitcoin Up or Down - May 14, 1:30AM-1:45AM ET",Up,1778736600,1778737500,2026-05-14T05:30:00.000Z,2026-05-14T05:45:00.000Z,true,true,false,2026-05-14T05:45:00Z,2026-05-14 05:45:53+00,Up|Down,1|0,41863.92876900003,,https://polymarket.com/event/btc-updown-15m-1778736600
btc-updown-15m-1778737500,2248204,"Bitcoin Up or Down - May 14, 1:45AM-2:00AM ET",Up,1778737500,1778738400,2026-05-14T05:45:00.000Z,2026-05-14T06:00:00.000Z,true,true,false,2026-05-14T06:00:00Z,2026-05-14 06:00:17+00,Up|Down,1|0,52047.09543400004,,https://polymarket.com/event/btc-updown-15m-1778737500
btc-updown-15m-1778738400,2248239,"Bitcoin Up or Down - May 14, 2:00AM-2:15AM ET",Up,1778738400,1778739300,2026-05-14T06:00:00.000Z,2026-05-14T06:15:00.000Z,true,true,false,2026-05-14T06:15:00Z,2026-05-14 06:15:53+00,Up|Down,1|0,33997.94971099999,,https://polymarket.com/event/btc-updown-15m-1778738400
btc-updown-15m-1778739300,2248263,"Bitcoin Up or Down - May 14, 2:15AM-2:30AM ET",Down,1778739300,1778740200,2026-05-14T06:15:00.000Z,2026-05-14T06:30:00.000Z,true,true,false,2026-05-14T06:30:00Z,2026-05-14 06:30:16+00,Up|Down,0|1,44805.41421299999,,https://polymarket.com/event/btc-updown-15m-1778739300
btc-updown-15m-1778740200,2248324,"Bitcoin Up or Down - May 14, 2:30AM-2:45AM ET",Up,1778740200,1778741100,2026-05-14T06:30:00.000Z,2026-05-14T06:45:00.000Z,true,true,false,2026-05-14T06:45:00Z,2026-05-14 06:45:19+00,Up|Down,1|0,49468.26909299998,,https://polymarket.com/event/btc-updown-15m-1778740200
btc-updown-15m-1778741100,2248366,"Bitcoin Up or Down - May 14, 2:45AM-3:00AM ET",Down,1778741100,1778742000,2026-05-14T06:45:00.000Z,2026-05-14T07:00:00.000Z,true,true,false,2026-05-14T07:00:00Z,2026-05-14 07:00:17+00,Up|Down,0|1,39169.701318999985,,https://polymarket.com/event/btc-updown-15m-1778741100
btc-updown-15m-1778742000,2248424,"Bitcoin Up or Down - May 14, 3:00AM-3:15AM ET",Down,1778742000,1778742900,2026-05-14T07:00:00.000Z,2026-05-14T07:15:00.000Z,true,true,false,2026-05-14T07:15:00Z,2026-05-14 07:15:16+00,Up|Down,0|1,60155.343088,,https://polymarket.com/event/btc-updown-15m-1778742000
btc-updown-15m-1778742900,2248457,"Bitcoin Up or Down - May 14, 3:15AM-3:30AM ET",Up,1778742900,1778743800,2026-05-14T07:15:00.000Z,2026-05-14T07:30:00.000Z,true,true,false,2026-05-14T07:30:00Z,2026-05-14 07:30:18+00,Up|Down,1|0,43484.656204999934,,https://polymarket.com/event/btc-updown-15m-1778742900
btc-updown-15m-1778743800,2248510,"Bitcoin Up or Down - May 14, 3:30AM-3:45AM ET",Up,1778743800,1778744700,2026-05-14T07:30:00.000Z,2026-05-14T07:45:00.000Z,true,true,false,2026-05-14T07:45:00Z,2026-05-14 07:45:15+00,Up|Down,1|0,35322.44925799999,,https://polymarket.com/event/btc-updown-15m-1778743800
btc-updown-15m-1778744700,2248566,"Bitcoin Up or Down - May 14, 3:45AM-4:00AM ET",Down,1778744700,1778745600,2026-05-14T07:45:00.000Z,2026-05-14T08:00:00.000Z,true,true,false,2026-05-14T08:00:00Z,2026-05-14 08:00:17+00,Up|Down,0|1,31686.85688899998,,https://polymarket.com/event/btc-updown-15m-1778744700
btc-updown-15m-1778745600,2248788,"Bitcoin Up or Down - May 14, 4:00AM-4:15AM ET",Up,1778745600,1778746500,2026-05-14T08:00:00.000Z,2026-05-14T08:15:00.000Z,true,true,false,2026-05-14T08:15:00Z,2026-05-14 08:15:18+00,Up|Down,1|0,49723.722929999945,,https://polymarket.com/event/btc-updown-15m-1778745600
btc-updown-15m-1778746500,2248829,"Bitcoin Up or Down - May 14, 4:15AM-4:30AM ET",Down,1778746500,1778747400,2026-05-14T08:15:00.000Z,2026-05-14T08:30:00.000Z,true,true,false,2026-05-14T08:30:00Z,2026-05-14 08:30:17+00,Up|Down,0|1,36726.402753000024,,https://polymarket.com/event/btc-updown-15m-1778746500
btc-updown-15m-1778747400,2248880,"Bitcoin Up or Down - May 14, 4:30AM-4:45AM ET",Up,1778747400,1778748300,2026-05-14T08:30:00.000Z,2026-05-14T08:45:00.000Z,true,true,false,2026-05-14T08:45:00Z,2026-05-14 08:45:15+00,Up|Down,1|0,42141.072398000004,,https://polymarket.com/event/btc-updown-15m-1778747400
btc-updown-15m-1778748300,2248934,"Bitcoin Up or Down - May 14, 4:45AM-5:00AM ET",Down,1778748300,1778749200,2026-05-14T08:45:00.000Z,2026-05-14T09:00:00.000Z,true,true,false,2026-05-14T09:00:00Z,2026-05-14 09:00:18+00,Up|Down,0|1,30814.663254000036,,https://polymarket.com/event/btc-updown-15m-1778748300
btc-updown-15m-1778749200,2249081,"Bitcoin Up or Down - May 14, 5:00AM-5:15AM ET",Up,1778749200,1778750100,2026-05-14T09:00:00.000Z,2026-05-14T09:15:00.000Z,true,true,false,2026-05-14T09:15:00Z,2026-05-14 09:15:21+00,Up|Down,1|0,44463.77517900001,,https://polymarket.com/event/btc-updown-15m-1778749200
btc-updown-15m-1778750100,2249114,"Bitcoin Up or Down - May 14, 5:15AM-5:30AM ET",Down,1778750100,1778751000,2026-05-14T09:15:00.000Z,2026-05-14T09:30:00.000Z,true,true,false,2026-05-14T09:30:00Z,2026-05-14 09:30:19+00,Up|Down,0|1,39583.67365999994,,https://polymarket.com/event/btc-updown-15m-1778750100
btc-updown-15m-1778751000,2249158,"Bitcoin Up or Down - May 14, 5:30AM-5:45AM ET",Down,1778751000,1778751900,2026-05-14T09:30:00.000Z,2026-05-14T09:45:00.000Z,true,true,false,2026-05-14T09:45:00Z,2026-05-14 09:45:18+00,Up|Down,0|1,35756.61548299998,,https://polymarket.com/event/btc-updown-15m-1778751000
btc-updown-15m-1778751900,2249208,"Bitcoin Up or Down - May 14, 5:45AM-6:00AM ET",Down,1778751900,1778752800,2026-05-14T09:45:00.000Z,2026-05-14T10:00:00.000Z,true,true,false,2026-05-14T10:00:00Z,2026-05-14 10:00:18+00,Up|Down,0|1,44727.82822000005,,https://polymarket.com/event/btc-updown-15m-1778751900
btc-updown-15m-1778752800,2249255,"Bitcoin Up or Down - May 14, 6:00AM-6:15AM ET",Down,1778752800,1778753700,2026-05-14T10:00:00.000Z,2026-05-14T10:15:00.000Z,true,true,false,2026-05-14T10:15:00Z,2026-05-14 10:15:17+00,Up|Down,0|1,70687.47456599998,,https://polymarket.com/event/btc-updown-15m-1778752800
btc-updown-15m-1778753700,2249289,"Bitcoin Up or Down - May 14, 6:15AM-6:30AM ET",Up,1778753700,1778754600,2026-05-14T10:15:00.000Z,2026-05-14T10:30:00.000Z,true,true,false,2026-05-14T10:30:00Z,2026-05-14 10:30:19+00,Up|Down,1|0,101325.47570200001,,https://polymarket.com/event/btc-updown-15m-1778753700
btc-updown-15m-1778754600,2249351,"Bitcoin Up or Down - May 14, 6:30AM-6:45AM ET",Down,1778754600,1778755500,2026-05-14T10:30:00.000Z,2026-05-14T10:45:00.000Z,true,true,false,2026-05-14T10:45:00Z,2026-05-14 10:45:53+00,Up|Down,0|1,97597.41284200005,,https://polymarket.com/event/btc-updown-15m-1778754600
btc-updown-15m-1778755500,2249425,"Bitcoin Up or Down - May 14, 6:45AM-7:00AM ET",Up,1778755500,1778756400,2026-05-14T10:45:00.000Z,2026-05-14T11:00:00.000Z,true,true,false,2026-05-14T11:00:00Z,2026-05-14 11:00:18+00,Up|Down,1|0,44418.368561,,https://polymarket.com/event/btc-updown-15m-1778755500
btc-updown-15m-1778756400,2249484,"Bitcoin Up or Down - May 14, 7:00AM-7:15AM ET",Down,1778756400,1778757300,2026-05-14T11:00:00.000Z,2026-05-14T11:15:00.000Z,true,true,false,2026-05-14T11:15:00Z,2026-05-14 11:15:17+00,Up|Down,0|1,36901.83048700001,,https://polymarket.com/event/btc-updown-15m-1778756400
btc-updown-15m-1778757300,2249554,"Bitcoin Up or Down - May 14, 7:15AM-7:30AM ET",Down,1778757300,1778758200,2026-05-14T11:15:00.000Z,2026-05-14T11:30:00.000Z,true,true,false,2026-05-14T11:30:00Z,2026-05-14 11:30:22+00,Up|Down,0|1,29523.068949999993,,https://polymarket.com/event/btc-updown-15m-1778757300
btc-updown-15m-1778758200,2249592,"Bitcoin Up or Down - May 14, 7:30AM-7:45AM ET",Down,1778758200,1778759100,2026-05-14T11:30:00.000Z,2026-05-14T11:45:00.000Z,true,true,false,2026-05-14T11:45:00Z,2026-05-14 11:45:18+00,Up|Down,0|1,46287.39777100004,,https://polymarket.com/event/btc-updown-15m-1778758200
btc-updown-15m-1778759100,2249654,"Bitcoin Up or Down - May 14, 7:45AM-8:00AM ET",Down,1778759100,1778760000,2026-05-14T11:45:00.000Z,2026-05-14T12:00:00.000Z,true,true,false,2026-05-14T12:00:00Z,2026-05-14 12:00:17+00,Up|Down,0|1,40772.1062359999,,https://polymarket.com/event/btc-updown-15m-1778759100
btc-updown-15m-1778760000,2249827,"Bitcoin Up or Down - May 14, 8:00AM-8:15AM ET",Up,1778760000,1778760900,2026-05-14T12:00:00.000Z,2026-05-14T12:15:00.000Z,true,true,false,2026-05-14T12:15:00Z,2026-05-14 12:15:15+00,Up|Down,1|0,51473.64778199998,,https://polymarket.com/event/btc-updown-15m-1778760000
btc-updown-15m-1778760900,2249876,"Bitcoin Up or Down - May 14, 8:15AM-8:30AM ET",Up,1778760900,1778761800,2026-05-14T12:15:00.000Z,2026-05-14T12:30:00.000Z,true,true,false,2026-05-14T12:30:00Z,2026-05-14 12:30:18+00,Up|Down,1|0,35577.14030299998,,https://polymarket.com/event/btc-updown-15m-1778760900
btc-updown-15m-1778761800,2249927,"Bitcoin Up or Down - May 14, 8:30AM-8:45AM ET",Up,1778761800,1778762700,2026-05-14T12:30:00.000Z,2026-05-14T12:45:00.000Z,true,true,false,2026-05-14T12:45:00Z,2026-05-14 12:45:18+00,Up|Down,1|0,47986.479087,,https://polymarket.com/event/btc-updown-15m-1778761800
btc-updown-15m-1778762700,2250010,"Bitcoin Up or Down - May 14, 8:45AM-9:00AM ET",Up,1778762700,1778763600,2026-05-14T12:45:00.000Z,2026-05-14T13:00:00.000Z,true,true,false,2026-05-14T13:00:00Z,2026-05-14 13:00:26+00,Up|Down,1|0,34663.50017700007,,https://polymarket.com/event/btc-updown-15m-1778762700
btc-updown-15m-1778763600,2250256,"Bitcoin Up or Down - May 14, 9:00AM-9:15AM ET",Up,1778763600,1778764500,2026-05-14T13:00:00.000Z,2026-05-14T13:15:00.000Z,true,true,false,2026-05-14T13:15:00Z,2026-05-14 13:15:18+00,Up|Down,1|0,48020.622575,,https://polymarket.com/event/btc-updown-15m-1778763600
btc-updown-15m-1778764500,2250297,"Bitcoin Up or Down - May 14, 9:15AM-9:30AM ET",Up,1778764500,1778765400,2026-05-14T13:15:00.000Z,2026-05-14T13:30:00.000Z,true,true,false,2026-05-14T13:30:00Z,2026-05-14 13:30:16+00,Up|Down,1|0,68629.28085200005,,https://polymarket.com/event/btc-updown-15m-1778764500
btc-updown-15m-1778765400,2250503,"Bitcoin Up or Down - May 14, 9:30AM-9:45AM ET",Down,1778765400,1778766300,2026-05-14T13:30:00.000Z,2026-05-14T13:45:00.000Z,true,true,false,2026-05-14T13:45:00Z,2026-05-14 13:45:52+00,Up|Down,0|1,77233.80293399992,,https://polymarket.com/event/btc-updown-15m-1778765400
btc-updown-15m-1778766300,2250678,"Bitcoin Up or Down - May 14, 9:45AM-10:00AM ET",Down,1778766300,1778767200,2026-05-14T13:45:00.000Z,2026-05-14T14:00:00.000Z,true,true,false,2026-05-14T14:00:00Z,2026-05-14 14:00:17+00,Up|Down,0|1,56802.6265710001,,https://polymarket.com/event/btc-updown-15m-1778766300
btc-updown-15m-1778767200,2250726,"Bitcoin Up or Down - May 14, 10:00AM-10:15AM ET",Up,1778767200,1778768100,2026-05-14T14:00:00.000Z,2026-05-14T14:15:00.000Z,true,true,false,2026-05-14T14:15:00Z,2026-05-14 14:15:22+00,Up|Down,1|0,68512.25138100013,,https://polymarket.com/event/btc-updown-15m-1778767200
btc-updown-15m-1778768100,2250836,"Bitcoin Up or Down - May 14, 10:15AM-10:30AM ET",Up,1778768100,1778769000,2026-05-14T14:15:00.000Z,2026-05-14T14:30:00.000Z,true,true,false,2026-05-14T14:30:00Z,2026-05-14 14:30:18+00,Up|Down,1|0,60685.16010300001,,https://polymarket.com/event/btc-updown-15m-1778768100
btc-updown-15m-1778769000,2250885,"Bitcoin Up or Down - May 14, 10:30AM-10:45AM ET",Up,1778769000,1778769900,2026-05-14T14:30:00.000Z,2026-05-14T14:45:00.000Z,true,true,false,2026-05-14T14:45:00Z,2026-05-14 14:45:17+00,Up|Down,1|0,53108.44343900005,,https://polymarket.com/event/btc-updown-15m-1778769000
btc-updown-15m-1778769900,2250941,"Bitcoin Up or Down - May 14, 10:45AM-11:00AM ET",Up,1778769900,1778770800,2026-05-14T14:45:00.000Z,2026-05-14T15:00:00.000Z,true,true,false,2026-05-14T15:00:00Z,2026-05-14 15:00:18+00,Up|Down,1|0,56973.956336999974,,https://polymarket.com/event/btc-updown-15m-1778769900
btc-updown-15m-1778770800,2251024,"Bitcoin Up or Down - May 14, 11:00AM-11:15AM ET",Up,1778770800,1778771700,2026-05-14T15:00:00.000Z,2026-05-14T15:15:00.000Z,true,true,false,2026-05-14T15:15:00Z,2026-05-14 15:15:21+00,Up|Down,1|0,92706.76667699969,,https://polymarket.com/event/btc-updown-15m-1778770800
btc-updown-15m-1778771700,2251070,"Bitcoin Up or Down - May 14, 11:15AM-11:30AM ET",Up,1778771700,1778772600,2026-05-14T15:15:00.000Z,2026-05-14T15:30:00.000Z,true,true,false,2026-05-14T15:30:00Z,2026-05-14 15:30:17+00,Up|Down,1|0,58287.867657000046,,https://polymarket.com/event/btc-updown-15m-1778771700
btc-updown-15m-1778772600,2251226,"Bitcoin Up or Down - May 14, 11:30AM-11:45AM ET",Up,1778772600,1778773500,2026-05-14T15:30:00.000Z,2026-05-14T15:45:00.000Z,true,true,false,2026-05-14T15:45:00Z,2026-05-14 15:45:15+00,Up|Down,1|0,79727.12587900016,,https://polymarket.com/event/btc-updown-15m-1778772600
btc-updown-15m-1778773500,2251280,"Bitcoin Up or Down - May 14, 11:45AM-12:00PM ET",Up,1778773500,1778774400,2026-05-14T15:45:00.000Z,2026-05-14T16:00:00.000Z,true,true,false,2026-05-14T16:00:00Z,2026-05-14 16:00:23+00,Up|Down,1|0,69930.00160899997,,https://polymarket.com/event/btc-updown-15m-1778773500
btc-updown-15m-1778774400,2251570,"Bitcoin Up or Down - May 14, 12:00PM-12:15PM ET",Up,1778774400,1778775300,2026-05-14T16:00:00.000Z,2026-05-14T16:15:00.000Z,true,true,false,2026-05-14T16:15:00Z,2026-05-14 16:15:19+00,Up|Down,1|0,88878.45724099984,,https://polymarket.com/event/btc-updown-15m-1778774400
btc-updown-15m-1778775300,2251625,"Bitcoin Up or Down - May 14, 12:15PM-12:30PM ET",Up,1778775300,1778776200,2026-05-14T16:15:00.000Z,2026-05-14T16:30:00.000Z,true,true,false,2026-05-14T16:30:00Z,2026-05-14 16:30:19+00,Up|Down,1|0,124621.03058199986,,https://polymarket.com/event/btc-updown-15m-1778775300
btc-updown-15m-1778776200,2251786,"Bitcoin Up or Down - May 14, 12:30PM-12:45PM ET",Down,1778776200,1778777100,2026-05-14T16:30:00.000Z,2026-05-14T16:45:00.000Z,true,true,false,2026-05-14T16:45:00Z,2026-05-14 16:45:20+00,Up|Down,0|1,113125.482067,,https://polymarket.com/event/btc-updown-15m-1778776200
btc-updown-15m-1778777100,2251827,"Bitcoin Up or Down - May 14, 12:45PM-1:00PM ET",Up,1778777100,1778778000,2026-05-14T16:45:00.000Z,2026-05-14T17:00:00.000Z,true,true,false,2026-05-14T17:00:00Z,2026-05-14 17:00:18+00,Up|Down,1|0,121574.06529000003,,https://polymarket.com/event/btc-updown-15m-1778777100
btc-updown-15m-1778778000,2252085,"Bitcoin Up or Down - May 14, 1:00PM-1:15PM ET",Down,1778778000,1778778900,2026-05-14T17:00:00.000Z,2026-05-14T17:15:00.000Z,true,true,false,2026-05-14T17:15:00Z,2026-05-14 17:15:17+00,Up|Down,0|1,85400.499021,,https://polymarket.com/event/btc-updown-15m-1778778000
btc-updown-15m-1778778900,2252238,"Bitcoin Up or Down - May 14, 1:15PM-1:30PM ET",Down,1778778900,1778779800,2026-05-14T17:15:00.000Z,2026-05-14T17:30:00.000Z,true,true,false,2026-05-14T17:30:00Z,2026-05-14 17:30:17+00,Up|Down,0|1,75675.96360499987,,https://polymarket.com/event/btc-updown-15m-1778778900
btc-updown-15m-1778779800,2252287,"Bitcoin Up or Down - May 14, 1:30PM-1:45PM ET",Up,1778779800,1778780700,2026-05-14T17:30:00.000Z,2026-05-14T17:45:00.000Z,true,true,false,2026-05-14T17:45:00Z,2026-05-14 17:45:18+00,Up|Down,1|0,48928.63891199999,,https://polymarket.com/event/btc-updown-15m-1778779800
btc-updown-15m-1778780700,2252347,"Bitcoin Up or Down - May 14, 1:45PM-2:00PM ET",Up,1778780700,1778781600,2026-05-14T17:45:00.000Z,2026-05-14T18:00:00.000Z,true,true,false,2026-05-14T18:00:00Z,2026-05-14 18:00:18+00,Up|Down,1|0,50961.34668899997,,https://polymarket.com/event/btc-updown-15m-1778780700
btc-updown-15m-1778781600,2252458,"Bitcoin Up or Down - May 14, 2:00PM-2:15PM ET",Up,1778781600,1778782500,2026-05-14T18:00:00.000Z,2026-05-14T18:15:00.000Z,true,true,false,2026-05-14T18:15:00Z,2026-05-14 18:15:17+00,Up|Down,1|0,65954.21896800002,,https://polymarket.com/event/btc-updown-15m-1778781600
btc-updown-15m-1778782500,2252514,"Bitcoin Up or Down - May 14, 2:15PM-2:30PM ET",Up,1778782500,1778783400,2026-05-14T18:15:00.000Z,2026-05-14T18:30:00.000Z,true,true,false,2026-05-14T18:30:00Z,2026-05-14 18:30:17+00,Up|Down,1|0,53810.466867999916,,https://polymarket.com/event/btc-updown-15m-1778782500
btc-updown-15m-1778783400,2252583,"Bitcoin Up or Down - May 14, 2:30PM-2:45PM ET",Down,1778783400,1778784300,2026-05-14T18:30:00.000Z,2026-05-14T18:45:00.000Z,true,true,false,2026-05-14T18:45:00Z,2026-05-14 18:45:27+00,Up|Down,0|1,63576.79324900004,,https://polymarket.com/event/btc-updown-15m-1778783400
btc-updown-15m-1778784300,2252896,"Bitcoin Up or Down - May 14, 2:45PM-3:00PM ET",Up,1778784300,1778785200,2026-05-14T18:45:00.000Z,2026-05-14T19:00:00.000Z,true,true,false,2026-05-14T19:00:00Z,2026-05-14 19:00:23+00,Up|Down,1|0,46600.95991799989,,https://polymarket.com/event/btc-updown-15m-1778784300
btc-updown-15m-1778785200,2253125,"Bitcoin Up or Down - May 14, 3:00PM-3:15PM ET",Down,1778785200,1778786100,2026-05-14T19:00:00.000Z,2026-05-14T19:15:00.000Z,true,true,false,2026-05-14T19:15:00Z,2026-05-14 19:15:17+00,Up|Down,0|1,49140.248174999964,,https://polymarket.com/event/btc-updown-15m-1778785200
btc-updown-15m-1778786100,2253169,"Bitcoin Up or Down - May 14, 3:15PM-3:30PM ET",Down,1778786100,1778787000,2026-05-14T19:15:00.000Z,2026-05-14T19:30:00.000Z,true,true,false,2026-05-14T19:30:00Z,2026-05-14 19:30:16+00,Up|Down,0|1,47052.560317999996,,https://polymarket.com/event/btc-updown-15m-1778786100
btc-updown-15m-1778787000,2253327,"Bitcoin Up or Down - May 14, 3:30PM-3:45PM ET",Up,1778787000,1778787900,2026-05-14T19:30:00.000Z,2026-05-14T19:45:00.000Z,true,true,false,2026-05-14T19:45:00Z,2026-05-14 19:45:18+00,Up|Down,1|0,45573.74745799999,,https://polymarket.com/event/btc-updown-15m-1778787000
btc-updown-15m-1778787900,2253398,"Bitcoin Up or Down - May 14, 3:45PM-4:00PM ET",Down,1778787900,1778788800,2026-05-14T19:45:00.000Z,2026-05-14T20:00:00.000Z,true,true,false,2026-05-14T20:00:00Z,2026-05-14 20:00:15+00,Up|Down,0|1,48964.67946099997,,https://polymarket.com/event/btc-updown-15m-1778787900
btc-updown-15m-1778788800,2253475,"Bitcoin Up or Down - May 14, 4:00PM-4:15PM ET",Down,1778788800,1778789700,2026-05-14T20:00:00.000Z,2026-05-14T20:15:00.000Z,true,true,false,2026-05-14T20:15:00Z,2026-05-14 20:15:52+00,Up|Down,0|1,63651.31975800014,,https://polymarket.com/event/btc-updown-15m-1778788800
btc-updown-15m-1778789700,2253618,"Bitcoin Up or Down - May 14, 4:15PM-4:30PM ET",Down,1778789700,1778790600,2026-05-14T20:15:00.000Z,2026-05-14T20:30:00.000Z,true,true,false,2026-05-14T20:30:00Z,2026-05-14 20:30:18+00,Up|Down,0|1,38066.853382999965,,https://polymarket.com/event/btc-updown-15m-1778789700
btc-updown-15m-1778790600,2253681,"Bitcoin Up or Down - May 14, 4:30PM-4:45PM ET",Down,1778790600,1778791500,2026-05-14T20:30:00.000Z,2026-05-14T20:45:00.000Z,true,true,false,2026-05-14T20:45:00Z,2026-05-14 20:45:17+00,Up|Down,0|1,39450.77445199998,,https://polymarket.com/event/btc-updown-15m-1778790600
btc-updown-15m-1778791500,2253729,"Bitcoin Up or Down - May 14, 4:45PM-5:00PM ET",Up,1778791500,1778792400,2026-05-14T20:45:00.000Z,2026-05-14T21:00:00.000Z,true,true,false,2026-05-14T21:00:00Z,2026-05-14 21:00:17+00,Up|Down,1|0,42894.83511599999,,https://polymarket.com/event/btc-updown-15m-1778791500
btc-updown-15m-1778792400,2253827,"Bitcoin Up or Down - May 14, 5:00PM-5:15PM ET",Down,1778792400,1778793300,2026-05-14T21:00:00.000Z,2026-05-14T21:15:00.000Z,true,true,false,2026-05-14T21:15:00Z,2026-05-14 21:15:16+00,Up|Down,0|1,32567.041443,,https://polymarket.com/event/btc-updown-15m-1778792400
btc-updown-15m-1778793300,2253882,"Bitcoin Up or Down - May 14, 5:15PM-5:30PM ET",Up,1778793300,1778794200,2026-05-14T21:15:00.000Z,2026-05-14T21:30:00.000Z,true,true,false,2026-05-14T21:30:00Z,2026-05-14 21:30:16+00,Up|Down,1|0,34251.62017799999,,https://polymarket.com/event/btc-updown-15m-1778793300
btc-updown-15m-1778794200,2254044,"Bitcoin Up or Down - May 14, 5:30PM-5:45PM ET",Up,1778794200,1778795100,2026-05-14T21:30:00.000Z,2026-05-14T21:45:00.000Z,true,true,false,2026-05-14T21:45:00Z,2026-05-14 21:45:15+00,Up|Down,1|0,36454.45417399999,,https://polymarket.com/event/btc-updown-15m-1778794200
btc-updown-15m-1778795100,2255263,"Bitcoin Up or Down - May 14, 5:45PM-6:00PM ET",Down,1778795100,1778796000,2026-05-14T21:45:00.000Z,2026-05-14T22:00:00.000Z,true,true,false,2026-05-14T22:00:00Z,2026-05-14 22:00:15+00,Up|Down,0|1,30437.152142999996,,https://polymarket.com/event/btc-updown-15m-1778795100
btc-updown-15m-1778796000,2255486,"Bitcoin Up or Down - May 14, 6:00PM-6:15PM ET",Up,1778796000,1778796900,2026-05-14T22:00:00.000Z,2026-05-14T22:15:00.000Z,true,true,false,2026-05-14T22:15:00Z,2026-05-14 22:15:18+00,Up|Down,1|0,26028.286924000004,,https://polymarket.com/event/btc-updown-15m-1778796000
btc-updown-15m-1778796900,2255612,"Bitcoin Up or Down - May 14, 6:15PM-6:30PM ET",Down,1778796900,1778797800,2026-05-14T22:15:00.000Z,2026-05-14T22:30:00.000Z,true,true,false,2026-05-14T22:30:00Z,2026-05-14 22:30:16+00,Up|Down,0|1,25970.007712000024,,https://polymarket.com/event/btc-updown-15m-1778796900
btc-updown-15m-1778797800,2255743,"Bitcoin Up or Down - May 14, 6:30PM-6:45PM ET",Up,1778797800,1778798700,2026-05-14T22:30:00.000Z,2026-05-14T22:45:00.000Z,true,true,false,2026-05-14T22:45:00Z,2026-05-14 22:45:52+00,Up|Down,1|0,29849.62338300001,,https://polymarket.com/event/btc-updown-15m-1778797800
btc-updown-15m-1778798700,2255829,"Bitcoin Up or Down - May 14, 6:45PM-7:00PM ET",Down,1778798700,1778799600,2026-05-14T22:45:00.000Z,2026-05-14T23:00:00.000Z,true,true,false,2026-05-14T23:00:00Z,2026-05-14 23:00:18+00,Up|Down,0|1,25825.482060000006,,https://polymarket.com/event/btc-updown-15m-1778798700
btc-updown-15m-1778799600,2255904,"Bitcoin Up or Down - May 14, 7:00PM-7:15PM ET",Down,1778799600,1778800500,2026-05-14T23:00:00.000Z,2026-05-14T23:15:00.000Z,true,true,false,2026-05-14T23:15:00Z,2026-05-14 23:15:18+00,Up|Down,0|1,40664.03096899999,,https://polymarket.com/event/btc-updown-15m-1778799600
btc-updown-15m-1778800500,2255977,"Bitcoin Up or Down - May 14, 7:15PM-7:30PM ET",Up,1778800500,1778801400,2026-05-14T23:15:00.000Z,2026-05-14T23:30:00.000Z,true,true,false,2026-05-14T23:30:00Z,2026-05-14 23:30:17+00,Up|Down,1|0,26167.609819999965,,https://polymarket.com/event/btc-updown-15m-1778800500
btc-updown-15m-1778801400,2256050,"Bitcoin Up or Down - May 14, 7:30PM-7:45PM ET",Down,1778801400,1778802300,2026-05-14T23:30:00.000Z,2026-05-14T23:45:00.000Z,true,true,false,2026-05-14T23:45:00Z,2026-05-14 23:45:25+00,Up|Down,0|1,32495.243091999986,,https://polymarket.com/event/btc-updown-15m-1778801400
btc-updown-15m-1778802300,2256125,"Bitcoin Up or Down - May 14, 7:45PM-8:00PM ET",Down,1778802300,1778803200,2026-05-14T23:45:00.000Z,2026-05-15T00:00:00.000Z,true,true,false,2026-05-15T00:00:00Z,2026-05-15 00:00:20+00,Up|Down,0|1,28961.736128000037,,https://polymarket.com/event/btc-updown-15m-1778802300
btc-updown-15m-1778803200,2256272,"Bitcoin Up or Down - May 14, 8:00PM-8:15PM ET",Up,1778803200,1778804100,2026-05-15T00:00:00.000Z,2026-05-15T00:15:00.000Z,true,true,false,2026-05-15T00:15:00Z,2026-05-15 00:15:16+00,Up|Down,1|0,33131.47347899999,,https://polymarket.com/event/btc-updown-15m-1778803200
btc-updown-15m-1778804100,2256313,"Bitcoin Up or Down - May 14, 8:15PM-8:30PM ET",Down,1778804100,1778805000,2026-05-15T00:15:00.000Z,2026-05-15T00:30:00.000Z,true,true,false,2026-05-15T00:30:00Z,2026-05-15 00:30:27+00,Up|Down,0|1,50003.00168800014,,https://polymarket.com/event/btc-updown-15m-1778804100
btc-updown-15m-1778805000,2256340,"Bitcoin Up or Down - May 14, 8:30PM-8:45PM ET",Down,1778805000,1778805900,2026-05-15T00:30:00.000Z,2026-05-15T00:45:00.000Z,true,true,false,2026-05-15T00:45:00Z,2026-05-15 00:45:16+00,Up|Down,0|1,48062.050287999926,,https://polymarket.com/event/btc-updown-15m-1778805000
btc-updown-15m-1778805900,2256399,"Bitcoin Up or Down - May 14, 8:45PM-9:00PM ET",Up,1778805900,1778806800,2026-05-15T00:45:00.000Z,2026-05-15T01:00:00.000Z,true,true,false,2026-05-15T01:00:00Z,2026-05-15 01:00:19+00,Up|Down,1|0,32451.87026500007,,https://polymarket.com/event/btc-updown-15m-1778805900
btc-updown-15m-1778806800,2256436,"Bitcoin Up or Down - May 14, 9:00PM-9:15PM ET",Up,1778806800,1778807700,2026-05-15T01:00:00.000Z,2026-05-15T01:15:00.000Z,true,true,false,2026-05-15T01:15:00Z,2026-05-15 01:15:21+00,Up|Down,1|0,36849.042728999986,,https://polymarket.com/event/btc-updown-15m-1778806800
btc-updown-15m-1778807700,2256465,"Bitcoin Up or Down - May 14, 9:15PM-9:30PM ET",Down,1778807700,1778808600,2026-05-15T01:15:00.000Z,2026-05-15T01:30:00.000Z,true,true,false,2026-05-15T01:30:00Z,2026-05-15 01:30:15+00,Up|Down,0|1,37355.931224000036,,https://polymarket.com/event/btc-updown-15m-1778807700
btc-updown-15m-1778808600,2256528,"Bitcoin Up or Down - May 14, 9:30PM-9:45PM ET",Up,1778808600,1778809500,2026-05-15T01:30:00.000Z,2026-05-15T01:45:00.000Z,true,true,false,2026-05-15T01:45:00Z,2026-05-15 01:45:16+00,Up|Down,1|0,59034.99587800011,,https://polymarket.com/event/btc-updown-15m-1778808600
btc-updown-15m-1778809500,2256586,"Bitcoin Up or Down - May 14, 9:45PM-10:00PM ET",Down,1778809500,1778810400,2026-05-15T01:45:00.000Z,2026-05-15T02:00:00.000Z,true,true,false,2026-05-15T02:00:00Z,2026-05-15 02:00:21+00,Up|Down,0|1,54444.66417000004,,https://polymarket.com/event/btc-updown-15m-1778809500
btc-updown-15m-1778810400,2256643,"Bitcoin Up or Down - May 14, 10:00PM-10:15PM ET",Down,1778810400,1778811300,2026-05-15T02:00:00.000Z,2026-05-15T02:15:00.000Z,true,true,false,2026-05-15T02:15:00Z,2026-05-15 02:15:17+00,Up|Down,0|1,64249.22938099992,,https://polymarket.com/event/btc-updown-15m-1778810400
btc-updown-15m-1778811300,2256668,"Bitcoin Up or Down - May 14, 10:15PM-10:30PM ET",Down,1778811300,1778812200,2026-05-15T02:15:00.000Z,2026-05-15T02:30:00.000Z,true,true,false,2026-05-15T02:30:00Z,2026-05-15 02:30:16+00,Up|Down,0|1,56583.83503799992,,https://polymarket.com/event/btc-updown-15m-1778811300
btc-updown-15m-1778812200,2256738,"Bitcoin Up or Down - May 14, 10:30PM-10:45PM ET",Up,1778812200,1778813100,2026-05-15T02:30:00.000Z,2026-05-15T02:45:00.000Z,true,true,false,2026-05-15T02:45:00Z,2026-05-15 02:45:18+00,Up|Down,1|0,58952.10934900002,,https://polymarket.com/event/btc-updown-15m-1778812200
btc-updown-15m-1778813100,2256832,"Bitcoin Up or Down - May 14, 10:45PM-11:00PM ET",Up,1778813100,1778814000,2026-05-15T02:45:00.000Z,2026-05-15T03:00:00.000Z,true,true,false,2026-05-15T03:00:00Z,2026-05-15 03:00:17+00,Up|Down,1|0,44006.35264599996,,https://polymarket.com/event/btc-updown-15m-1778813100
btc-updown-15m-1778814000,2256856,"Bitcoin Up or Down - May 14, 11:00PM-11:15PM ET",Down,1778814000,1778814900,2026-05-15T03:00:00.000Z,2026-05-15T03:15:00.000Z,true,true,false,2026-05-15T03:15:00Z,2026-05-15 03:15:18+00,Up|Down,0|1,44856.431912000044,,https://polymarket.com/event/btc-updown-15m-1778814000
btc-updown-15m-1778814900,2256908,"Bitcoin Up or Down - May 14, 11:15PM-11:30PM ET",Up,1778814900,1778815800,2026-05-15T03:15:00.000Z,2026-05-15T03:30:00.000Z,true,true,false,2026-05-15T03:30:00Z,2026-05-15 03:30:18+00,Up|Down,1|0,44096.62663999997,,https://polymarket.com/event/btc-updown-15m-1778814900
btc-updown-15m-1778815800,2256955,"Bitcoin Up or Down - May 14, 11:30PM-11:45PM ET",Down,1778815800,1778816700,2026-05-15T03:30:00.000Z,2026-05-15T03:45:00.000Z,true,true,false,2026-05-15T03:45:00Z,2026-05-15 03:45:52+00,Up|Down,0|1,69527.43004600001,,https://polymarket.com/event/btc-updown-15m-1778815800
btc-updown-15m-1778816700,2257002,"Bitcoin Up or Down - May 14, 11:45PM-12:00AM ET",Up,1778816700,1778817600,2026-05-15T03:45:00.000Z,2026-05-15T04:00:00.000Z,true,true,false,2026-05-15T04:00:00Z,2026-05-15 04:00:17+00,Up|Down,1|0,33531.758459000004,,https://polymarket.com/event/btc-updown-15m-1778816700
btc-updown-15m-1778817600,2257778,"Bitcoin Up or Down - May 15, 12:00AM-12:15AM ET",Down,1778817600,1778818500,2026-05-15T04:00:00.000Z,2026-05-15T04:15:00.000Z,true,true,false,2026-05-15T04:15:00Z,2026-05-15 04:15:18+00,Up|Down,0|1,47736.64068999996,,https://polymarket.com/event/btc-updown-15m-1778817600
btc-updown-15m-1778818500,2257842,"Bitcoin Up or Down - May 15, 12:15AM-12:30AM ET",Down,1778818500,1778819400,2026-05-15T04:15:00.000Z,2026-05-15T04:30:00.000Z,true,true,false,2026-05-15T04:30:00Z,2026-05-15 04:30:18+00,Up|Down,0|1,26979.06932299999,,https://polymarket.com/event/btc-updown-15m-1778818500
btc-updown-15m-1778819400,2257979,"Bitcoin Up or Down - May 15, 12:30AM-12:45AM ET",Up,1778819400,1778820300,2026-05-15T04:30:00.000Z,2026-05-15T04:45:00.000Z,true,true,false,2026-05-15T04:45:00Z,2026-05-15 04:45:17+00,Up|Down,1|0,41811.897696000044,,https://polymarket.com/event/btc-updown-15m-1778819400
btc-updown-15m-1778820300,2258052,"Bitcoin Up or Down - May 15, 12:45AM-1:00AM ET",Down,1778820300,1778821200,2026-05-15T04:45:00.000Z,2026-05-15T05:00:00.000Z,true,true,false,2026-05-15T05:00:00Z,2026-05-15 05:00:18+00,Up|Down,0|1,29584.698261999994,,https://polymarket.com/event/btc-updown-15m-1778820300
btc-updown-15m-1778821200,2258116,"Bitcoin Up or Down - May 15, 1:00AM-1:15AM ET",Up,1778821200,1778822100,2026-05-15T05:00:00.000Z,2026-05-15T05:15:00.000Z,true,true,false,2026-05-15T05:15:00Z,2026-05-15 05:15:16+00,Up|Down,1|0,42355.86429300003,,https://polymarket.com/event/btc-updown-15m-1778821200
btc-updown-15m-1778822100,2258155,"Bitcoin Up or Down - May 15, 1:15AM-1:30AM ET",Down,1778822100,1778823000,2026-05-15T05:15:00.000Z,2026-05-15T05:30:00.000Z,true,true,false,2026-05-15T05:30:00Z,2026-05-15 05:30:17+00,Up|Down,0|1,44259.82453599997,,https://polymarket.com/event/btc-updown-15m-1778822100
btc-updown-15m-1778823000,2258184,"Bitcoin Up or Down - May 15, 1:30AM-1:45AM ET",Down,1778823000,1778823900,2026-05-15T05:30:00.000Z,2026-05-15T05:45:00.000Z,true,true,false,2026-05-15T05:45:00Z,2026-05-15 05:45:52+00,Up|Down,0|1,50497.95120199999,,https://polymarket.com/event/btc-updown-15m-1778823000
btc-updown-15m-1778823900,2258251,"Bitcoin Up or Down - May 15, 1:45AM-2:00AM ET",Down,1778823900,1778824800,2026-05-15T05:45:00.000Z,2026-05-15T06:00:00.000Z,true,true,false,2026-05-15T06:00:00Z,2026-05-15 06:00:16+00,Up|Down,0|1,42575.654029000005,,https://polymarket.com/event/btc-updown-15m-1778823900
btc-updown-15m-1778824800,2258341,"Bitcoin Up or Down - May 15, 2:00AM-2:15AM ET",Up,1778824800,1778825700,2026-05-15T06:00:00.000Z,2026-05-15T06:15:00.000Z,true,true,false,2026-05-15T06:15:00Z,2026-05-15 06:15:18+00,Up|Down,1|0,38453.46621100004,,https://polymarket.com/event/btc-updown-15m-1778824800
btc-updown-15m-1778825700,2258479,"Bitcoin Up or Down - May 15, 2:15AM-2:30AM ET",Up,1778825700,1778826600,2026-05-15T06:15:00.000Z,2026-05-15T06:30:00.000Z,true,true,false,2026-05-15T06:30:00Z,2026-05-15 06:30:19+00,Up|Down,1|0,50848.58077100004,,https://polymarket.com/event/btc-updown-15m-1778825700
btc-updown-15m-1778826600,2258546,"Bitcoin Up or Down - May 15, 2:30AM-2:45AM ET",Up,1778826600,1778827500,2026-05-15T06:30:00.000Z,2026-05-15T06:45:00.000Z,true,true,false,2026-05-15T06:45:00Z,2026-05-15 06:45:18+00,Up|Down,1|0,37034.881843999945,,https://polymarket.com/event/btc-updown-15m-1778826600
btc-updown-15m-1778827500,2258671,"Bitcoin Up or Down - May 15, 2:45AM-3:00AM ET",Down,1778827500,1778828400,2026-05-15T06:45:00.000Z,2026-05-15T07:00:00.000Z,true,true,false,2026-05-15T07:00:00Z,2026-05-15 07:00:21+00,Up|Down,0|1,62072.47186999997,,https://polymarket.com/event/btc-updown-15m-1778827500
btc-updown-15m-1778828400,2258711,"Bitcoin Up or Down - May 15, 3:00AM-3:15AM ET",Up,1778828400,1778829300,2026-05-15T07:00:00.000Z,2026-05-15T07:15:00.000Z,true,true,false,2026-05-15T07:15:00Z,2026-05-15 07:15:16+00,Up|Down,1|0,34748.657257000035,,https://polymarket.com/event/btc-updown-15m-1778828400
btc-updown-15m-1778829300,2258735,"Bitcoin Up or Down - May 15, 3:15AM-3:30AM ET",Up,1778829300,1778830200,2026-05-15T07:15:00.000Z,2026-05-15T07:30:00.000Z,true,true,false,2026-05-15T07:30:00Z,2026-05-15 07:30:17+00,Up|Down,1|0,48476.721762000045,,https://polymarket.com/event/btc-updown-15m-1778829300
btc-updown-15m-1778830200,2258786,"Bitcoin Up or Down - May 15, 3:30AM-3:45AM ET",Down,1778830200,1778831100,2026-05-15T07:30:00.000Z,2026-05-15T07:45:00.000Z,true,true,false,2026-05-15T07:45:00Z,2026-05-15 07:45:16+00,Up|Down,0|1,66025.63456399998,,https://polymarket.com/event/btc-updown-15m-1778830200
btc-updown-15m-1778831100,2258854,"Bitcoin Up or Down - May 15, 3:45AM-4:00AM ET",Down,1778831100,1778832000,2026-05-15T07:45:00.000Z,2026-05-15T08:00:00.000Z,true,true,false,2026-05-15T08:00:00Z,2026-05-15 08:00:18+00,Up|Down,0|1,121090.23773499999,,https://polymarket.com/event/btc-updown-15m-1778831100
btc-updown-15m-1778832000,2258895,"Bitcoin Up or Down - May 15, 4:00AM-4:15AM ET",Down,1778832000,1778832900,2026-05-15T08:00:00.000Z,2026-05-15T08:15:00.000Z,true,true,false,2026-05-15T08:15:00Z,2026-05-15 08:15:17+00,Up|Down,0|1,32233.408005999976,,https://polymarket.com/event/btc-updown-15m-1778832000
btc-updown-15m-1778832900,2258936,"Bitcoin Up or Down - May 15, 4:15AM-4:30AM ET",Down,1778832900,1778833800,2026-05-15T08:15:00.000Z,2026-05-15T08:30:00.000Z,true,true,false,2026-05-15T08:30:00Z,2026-05-15 08:30:17+00,Up|Down,0|1,34919.76544499997,,https://polymarket.com/event/btc-updown-15m-1778832900
btc-updown-15m-1778833800,2258963,"Bitcoin Up or Down - May 15, 4:30AM-4:45AM ET",Up,1778833800,1778834700,2026-05-15T08:30:00.000Z,2026-05-15T08:45:00.000Z,true,true,false,2026-05-15T08:45:00Z,2026-05-15 08:45:18+00,Up|Down,1|0,43631.292178,,https://polymarket.com/event/btc-updown-15m-1778833800
btc-updown-15m-1778834700,2259013,"Bitcoin Up or Down - May 15, 4:45AM-5:00AM ET",Down,1778834700,1778835600,2026-05-15T08:45:00.000Z,2026-05-15T09:00:00.000Z,true,true,false,2026-05-15T09:00:00Z,2026-05-15 09:00:21+00,Up|Down,0|1,32696.096002000013,,https://polymarket.com/event/btc-updown-15m-1778834700
btc-updown-15m-1778835600,2259260,"Bitcoin Up or Down - May 15, 5:00AM-5:15AM ET",Down,1778835600,1778836500,2026-05-15T09:00:00.000Z,2026-05-15T09:15:00.000Z,true,true,false,2026-05-15T09:15:00Z,2026-05-15 09:15:54+00,Up|Down,0|1,46744.97784300005,,https://polymarket.com/event/btc-updown-15m-1778835600
btc-updown-15m-1778836500,2259284,"Bitcoin Up or Down - May 15, 5:15AM-5:30AM ET",Up,1778836500,1778837400,2026-05-15T09:15:00.000Z,2026-05-15T09:30:00.000Z,true,true,false,2026-05-15T09:30:00Z,2026-05-15 09:30:18+00,Up|Down,1|0,52556.077483999994,,https://polymarket.com/event/btc-updown-15m-1778836500
btc-updown-15m-1778837400,2259332,"Bitcoin Up or Down - May 15, 5:30AM-5:45AM ET",Down,1778837400,1778838300,2026-05-15T09:30:00.000Z,2026-05-15T09:45:00.000Z,true,true,false,2026-05-15T09:45:00Z,2026-05-15 09:45:16+00,Up|Down,0|1,42341.45445400004,,https://polymarket.com/event/btc-updown-15m-1778837400
btc-updown-15m-1778838300,2259391,"Bitcoin Up or Down - May 15, 5:45AM-6:00AM ET",Up,1778838300,1778839200,2026-05-15T09:45:00.000Z,2026-05-15T10:00:00.000Z,true,true,false,2026-05-15T10:00:00Z,2026-05-15 10:00:15+00,Up|Down,1|0,61772.67722099994,,https://polymarket.com/event/btc-updown-15m-1778838300
btc-updown-15m-1778839200,2259427,"Bitcoin Up or Down - May 15, 6:00AM-6:15AM ET",Up,1778839200,1778840100,2026-05-15T10:00:00.000Z,2026-05-15T10:15:00.000Z,true,true,false,2026-05-15T10:15:00Z,2026-05-15 10:15:17+00,Up|Down,1|0,35506.851987,,https://polymarket.com/event/btc-updown-15m-1778839200
btc-updown-15m-1778840100,2259492,"Bitcoin Up or Down - May 15, 6:15AM-6:30AM ET",Down,1778840100,1778841000,2026-05-15T10:15:00.000Z,2026-05-15T10:30:00.000Z,true,true,false,2026-05-15T10:30:00Z,2026-05-15 10:30:18+00,Up|Down,0|1,37676.95873199999,,https://polymarket.com/event/btc-updown-15m-1778840100
btc-updown-15m-1778841000,2259539,"Bitcoin Up or Down - May 15, 6:30AM-6:45AM ET",Up,1778841000,1778841900,2026-05-15T10:30:00.000Z,2026-05-15T10:45:00.000Z,true,true,false,2026-05-15T10:45:00Z,2026-05-15 10:45:52+00,Up|Down,1|0,104616.48333800003,,https://polymarket.com/event/btc-updown-15m-1778841000
btc-updown-15m-1778841900,2259611,"Bitcoin Up or Down - May 15, 6:45AM-7:00AM ET",Up,1778841900,1778842800,2026-05-15T10:45:00.000Z,2026-05-15T11:00:00.000Z,true,true,false,2026-05-15T11:00:00Z,2026-05-15 11:00:54+00,Up|Down,1|0,47515.08661200001,,https://polymarket.com/event/btc-updown-15m-1778841900
btc-updown-15m-1778842800,2259674,"Bitcoin Up or Down - May 15, 7:00AM-7:15AM ET",Down,1778842800,1778843700,2026-05-15T11:00:00.000Z,2026-05-15T11:15:00.000Z,true,true,false,2026-05-15T11:15:00Z,2026-05-15 11:15:16+00,Up|Down,0|1,37623.47875500004,,https://polymarket.com/event/btc-updown-15m-1778842800
btc-updown-15m-1778843700,2259727,"Bitcoin Up or Down - May 15, 7:15AM-7:30AM ET",Down,1778843700,1778844600,2026-05-15T11:15:00.000Z,2026-05-15T11:30:00.000Z,true,true,false,2026-05-15T11:30:00Z,2026-05-15 11:30:21+00,Up|Down,0|1,47646.560521,,https://polymarket.com/event/btc-updown-15m-1778843700
btc-updown-15m-1778844600,2259780,"Bitcoin Up or Down - May 15, 7:30AM-7:45AM ET",Up,1778844600,1778845500,2026-05-15T11:30:00.000Z,2026-05-15T11:45:00.000Z,true,true,false,2026-05-15T11:45:00Z,2026-05-15 11:45:15+00,Up|Down,1|0,45757.11094599995,,https://polymarket.com/event/btc-updown-15m-1778844600
btc-updown-15m-1778845500,2259884,"Bitcoin Up or Down - May 15, 7:45AM-8:00AM ET",Down,1778845500,1778846400,2026-05-15T11:45:00.000Z,2026-05-15T12:00:00.000Z,true,true,false,2026-05-15T12:00:00Z,2026-05-15 12:00:17+00,Up|Down,0|1,103724.911658,,https://polymarket.com/event/btc-updown-15m-1778845500
btc-updown-15m-1778846400,2260036,"Bitcoin Up or Down - May 15, 8:00AM-8:15AM ET",Down,1778846400,1778847300,2026-05-15T12:00:00.000Z,2026-05-15T12:15:00.000Z,true,true,false,2026-05-15T12:15:00Z,2026-05-15 12:15:16+00,Up|Down,0|1,74393.60832899997,,https://polymarket.com/event/btc-updown-15m-1778846400
btc-updown-15m-1778847300,2260134,"Bitcoin Up or Down - May 15, 8:15AM-8:30AM ET",Up,1778847300,1778848200,2026-05-15T12:15:00.000Z,2026-05-15T12:30:00.000Z,true,true,false,2026-05-15T12:30:00Z,2026-05-15 12:30:17+00,Up|Down,1|0,27836.081812000008,,https://polymarket.com/event/btc-updown-15m-1778847300
btc-updown-15m-1778848200,2260177,"Bitcoin Up or Down - May 15, 8:30AM-8:45AM ET",Down,1778848200,1778849100,2026-05-15T12:30:00.000Z,2026-05-15T12:45:00.000Z,true,true,false,2026-05-15T12:45:00Z,2026-05-15 12:45:17+00,Up|Down,0|1,35569.766015,,https://polymarket.com/event/btc-updown-15m-1778848200
btc-updown-15m-1778849100,2260241,"Bitcoin Up or Down - May 15, 8:45AM-9:00AM ET",Down,1778849100,1778850000,2026-05-15T12:45:00.000Z,2026-05-15T13:00:00.000Z,true,true,false,2026-05-15T13:00:00Z,2026-05-15 13:00:16+00,Up|Down,0|1,41182.923134000004,,https://polymarket.com/event/btc-updown-15m-1778849100
btc-updown-15m-1778850000,2260395,"Bitcoin Up or Down - May 15, 9:00AM-9:15AM ET",Down,1778850000,1778850900,2026-05-15T13:00:00.000Z,2026-05-15T13:15:00.000Z,true,true,false,2026-05-15T13:15:00Z,2026-05-15 13:15:18+00,Up|Down,0|1,65874.11699300003,,https://polymarket.com/event/btc-updown-15m-1778850000
btc-updown-15m-1778850900,2260467,"Bitcoin Up or Down - May 15, 9:15AM-9:30AM ET",Down,1778850900,1778851800,2026-05-15T13:15:00.000Z,2026-05-15T13:30:00.000Z,true,true,false,2026-05-15T13:30:00Z,2026-05-15 13:30:26+00,Up|Down,0|1,55452.218534000014,,https://polymarket.com/event/btc-updown-15m-1778850900
btc-updown-15m-1778851800,2260515,"Bitcoin Up or Down - May 15, 9:30AM-9:45AM ET",Down,1778851800,1778852700,2026-05-15T13:30:00.000Z,2026-05-15T13:45:00.000Z,true,true,false,2026-05-15T13:45:00Z,2026-05-15 13:45:17+00,Up|Down,0|1,67927.40106899999,,https://polymarket.com/event/btc-updown-15m-1778851800
btc-updown-15m-1778852700,2260572,"Bitcoin Up or Down - May 15, 9:45AM-10:00AM ET",Down,1778852700,1778853600,2026-05-15T13:45:00.000Z,2026-05-15T14:00:00.000Z,true,true,false,2026-05-15T14:00:00Z,2026-05-15 14:00:35+00,Up|Down,0|1,84029.75847399975,,https://polymarket.com/event/btc-updown-15m-1778852700
btc-updown-15m-1778853600,2260642,"Bitcoin Up or Down - May 15, 10:00AM-10:15AM ET",Up,1778853600,1778854500,2026-05-15T14:00:00.000Z,2026-05-15T14:15:00.000Z,true,true,false,2026-05-15T14:15:00Z,2026-05-15 14:15:16+00,Up|Down,1|0,69387.11832299993,,https://polymarket.com/event/btc-updown-15m-1778853600
btc-updown-15m-1778854500,2260689,"Bitcoin Up or Down - May 15, 10:15AM-10:30AM ET",Down,1778854500,1778855400,2026-05-15T14:15:00.000Z,2026-05-15T14:30:00.000Z,true,true,false,2026-05-15T14:30:00Z,2026-05-15 14:30:15+00,Up|Down,0|1,55568.57046399999,,https://polymarket.com/event/btc-updown-15m-1778854500
btc-updown-15m-1778855400,2260722,"Bitcoin Up or Down - May 15, 10:30AM-10:45AM ET",Up,1778855400,1778856300,2026-05-15T14:30:00.000Z,2026-05-15T14:45:00.000Z,true,true,false,2026-05-15T14:45:00Z,2026-05-15 14:45:16+00,Up|Down,1|0,50102.45841599995,,https://polymarket.com/event/btc-updown-15m-1778855400
btc-updown-15m-1778856300,2260799,"Bitcoin Up or Down - May 15, 10:45AM-11:00AM ET",Down,1778856300,1778857200,2026-05-15T14:45:00.000Z,2026-05-15T15:00:00.000Z,true,true,false,2026-05-15T15:00:00Z,2026-05-15 15:00:53+00,Up|Down,0|1,86831.603216,,https://polymarket.com/event/btc-updown-15m-1778856300
btc-updown-15m-1778857200,2260898,"Bitcoin Up or Down - May 15, 11:00AM-11:15AM ET",Up,1778857200,1778858100,2026-05-15T15:00:00.000Z,2026-05-15T15:15:00.000Z,true,true,false,2026-05-15T15:15:00Z,2026-05-15 15:15:15+00,Up|Down,1|0,62292.244668999985,,https://polymarket.com/event/btc-updown-15m-1778857200
btc-updown-15m-1778858100,2261014,"Bitcoin Up or Down - May 15, 11:15AM-11:30AM ET",Down,1778858100,1778859000,2026-05-15T15:15:00.000Z,2026-05-15T15:30:00.000Z,true,true,false,2026-05-15T15:30:00Z,2026-05-15 15:30:18+00,Up|Down,0|1,54742.03462200001,,https://polymarket.com/event/btc-updown-15m-1778858100
btc-updown-15m-1778859000,2261052,"Bitcoin Up or Down - May 15, 11:30AM-11:45AM ET",Down,1778859000,1778859900,2026-05-15T15:30:00.000Z,2026-05-15T15:45:00.000Z,true,true,false,2026-05-15T15:45:00Z,2026-05-15 15:45:21+00,Up|Down,0|1,52915.12771399998,,https://polymarket.com/event/btc-updown-15m-1778859000
btc-updown-15m-1778859900,2261111,"Bitcoin Up or Down - May 15, 11:45AM-12:00PM ET",Up,1778859900,1778860800,2026-05-15T15:45:00.000Z,2026-05-15T16:00:00.000Z,true,true,false,2026-05-15T16:00:00Z,2026-05-15 16:00:17+00,Up|Down,1|0,42756.363504,,https://polymarket.com/event/btc-updown-15m-1778859900
btc-updown-15m-1778860800,2261322,"Bitcoin Up or Down - May 15, 12:00PM-12:15PM ET",Up,1778860800,1778861700,2026-05-15T16:00:00.000Z,2026-05-15T16:15:00.000Z,true,true,false,2026-05-15T16:15:00Z,2026-05-15 16:15:20+00,Up|Down,1|0,43068.790923000015,,https://polymarket.com/event/btc-updown-15m-1778860800
btc-updown-15m-1778861700,2261381,"Bitcoin Up or Down - May 15, 12:15PM-12:30PM ET",Up,1778861700,1778862600,2026-05-15T16:15:00.000Z,2026-05-15T16:30:00.000Z,true,true,false,2026-05-15T16:30:00Z,2026-05-15 16:30:16+00,Up|Down,1|0,46923.99428499995,,https://polymarket.com/event/btc-updown-15m-1778861700
btc-updown-15m-1778862600,2261428,"Bitcoin Up or Down - May 15, 12:30PM-12:45PM ET",Down,1778862600,1778863500,2026-05-15T16:30:00.000Z,2026-05-15T16:45:00.000Z,true,true,false,2026-05-15T16:45:00Z,2026-05-15 16:45:16+00,Up|Down,0|1,4904.970141,,https://polymarket.com/event/btc-updown-15m-1778862600
btc-updown-15m-1778863500,2261520,"Bitcoin Up or Down - May 15, 12:45PM-1:00PM ET",Up,1778863500,1778864400,2026-05-15T16:45:00.000Z,2026-05-15T17:00:00.000Z,true,true,false,2026-05-15T17:00:00Z,2026-05-15 17:00:21+00,Up|Down,1|0,40684.68575199997,,https://polymarket.com/event/btc-updown-15m-1778863500
btc-updown-15m-1778864400,2261608,"Bitcoin Up or Down - May 15, 1:00PM-1:15PM ET",Down,1778864400,1778865300,2026-05-15T17:00:00.000Z,2026-05-15T17:15:00.000Z,true,true,false,2026-05-15T17:15:00Z,2026-05-15 17:15:18+00,Up|Down,0|1,57657.73335299997,,https://polymarket.com/event/btc-updown-15m-1778864400
btc-updown-15m-1778865300,2261689,"Bitcoin Up or Down - May 15, 1:15PM-1:30PM ET",Up,1778865300,1778866200,2026-05-15T17:15:00.000Z,2026-05-15T17:30:00.000Z,true,true,false,2026-05-15T17:30:00Z,2026-05-15 17:30:18+00,Up|Down,1|0,45379.598606000014,,https://polymarket.com/event/btc-updown-15m-1778865300
btc-updown-15m-1778866200,2261802,"Bitcoin Up or Down - May 15, 1:30PM-1:45PM ET",Up,1778866200,1778867100,2026-05-15T17:30:00.000Z,2026-05-15T17:45:00.000Z,true,true,false,2026-05-15T17:45:00Z,2026-05-15 17:45:52+00,Up|Down,1|0,45255.263815,,https://polymarket.com/event/btc-updown-15m-1778866200
btc-updown-15m-1778867100,2261854,"Bitcoin Up or Down - May 15, 1:45PM-2:00PM ET",Up,1778867100,1778868000,2026-05-15T17:45:00.000Z,2026-05-15T18:00:00.000Z,true,true,false,2026-05-15T18:00:00Z,2026-05-15 18:00:17+00,Up|Down,1|0,40316.515886000016,,https://polymarket.com/event/btc-updown-15m-1778867100
btc-updown-15m-1778868000,2262190,"Bitcoin Up or Down - May 15, 2:00PM-2:15PM ET",Up,1778868000,1778868900,2026-05-15T18:00:00.000Z,2026-05-15T18:15:00.000Z,true,true,false,2026-05-15T18:15:00Z,2026-05-15 18:15:16+00,Up|Down,1|0,53289.41007899999,,https://polymarket.com/event/btc-updown-15m-1778868000
btc-updown-15m-1778868900,2262230,"Bitcoin Up or Down - May 15, 2:15PM-2:30PM ET",Down,1778868900,1778869800,2026-05-15T18:15:00.000Z,2026-05-15T18:30:00.000Z,true,true,false,2026-05-15T18:30:00Z,2026-05-15 18:30:16+00,Up|Down,0|1,49117.31960899998,,https://polymarket.com/event/btc-updown-15m-1778868900
btc-updown-15m-1778869800,2262335,"Bitcoin Up or Down - May 15, 2:30PM-2:45PM ET",Up,1778869800,1778870700,2026-05-15T18:30:00.000Z,2026-05-15T18:45:00.000Z,true,true,false,2026-05-15T18:45:00Z,2026-05-15 18:45:15+00,Up|Down,1|0,54645.39362100001,,https://polymarket.com/event/btc-updown-15m-1778869800
btc-updown-15m-1778870700,2262424,"Bitcoin Up or Down - May 15, 2:45PM-3:00PM ET",Down,1778870700,1778871600,2026-05-15T18:45:00.000Z,2026-05-15T19:00:00.000Z,true,true,false,2026-05-15T19:00:00Z,2026-05-15 19:00:22+00,Up|Down,0|1,55578.35970699997,,https://polymarket.com/event/btc-updown-15m-1778870700
btc-updown-15m-1778871600,2262549,"Bitcoin Up or Down - May 15, 3:00PM-3:15PM ET",Down,1778871600,1778872500,2026-05-15T19:00:00.000Z,2026-05-15T19:15:00.000Z,true,true,false,2026-05-15T19:15:00Z,2026-05-15 19:15:18+00,Up|Down,0|1,57299.698358,,https://polymarket.com/event/btc-updown-15m-1778871600
btc-updown-15m-1778872500,2262622,"Bitcoin Up or Down - May 15, 3:15PM-3:30PM ET",Up,1778872500,1778873400,2026-05-15T19:15:00.000Z,2026-05-15T19:30:00.000Z,true,true,false,2026-05-15T19:30:00Z,2026-05-15 19:30:17+00,Up|Down,1|0,38179.52576200001,,https://polymarket.com/event/btc-updown-15m-1778872500
btc-updown-15m-1778873400,2262735,"Bitcoin Up or Down - May 15, 3:30PM-3:45PM ET",Up,1778873400,1778874300,2026-05-15T19:30:00.000Z,2026-05-15T19:45:00.000Z,true,true,false,2026-05-15T19:45:00Z,2026-05-15 19:45:17+00,Up|Down,1|0,53373.57998700001,,https://polymarket.com/event/btc-updown-15m-1778873400
btc-updown-15m-1778874300,2262791,"Bitcoin Up or Down - May 15, 3:45PM-4:00PM ET",Up,1778874300,1778875200,2026-05-15T19:45:00.000Z,2026-05-15T20:00:00.000Z,true,true,false,2026-05-15T20:00:00Z,2026-05-15 20:00:18+00,Up|Down,1|0,47332.079385000055,,https://polymarket.com/event/btc-updown-15m-1778874300
btc-updown-15m-1778875200,2262854,"Bitcoin Up or Down - May 15, 4:00PM-4:15PM ET",Down,1778875200,1778876100,2026-05-15T20:00:00.000Z,2026-05-15T20:15:00.000Z,true,true,false,2026-05-15T20:15:00Z,2026-05-15 20:15:16+00,Up|Down,0|1,56688.88187799985,,https://polymarket.com/event/btc-updown-15m-1778875200
btc-updown-15m-1778876100,2262882,"Bitcoin Up or Down - May 15, 4:15PM-4:30PM ET",Up,1778876100,1778877000,2026-05-15T20:15:00.000Z,2026-05-15T20:30:00.000Z,true,true,false,2026-05-15T20:30:00Z,2026-05-15 20:30:19+00,Up|Down,1|0,36836.67679199998,,https://polymarket.com/event/btc-updown-15m-1778876100
btc-updown-15m-1778877000,2262924,"Bitcoin Up or Down - May 15, 4:30PM-4:45PM ET",Down,1778877000,1778877900,2026-05-15T20:30:00.000Z,2026-05-15T20:45:00.000Z,true,true,false,2026-05-15T20:45:00Z,2026-05-15 20:45:18+00,Up|Down,0|1,36247.58583999999,,https://polymarket.com/event/btc-updown-15m-1778877000
btc-updown-15m-1778877900,2263347,"Bitcoin Up or Down - May 15, 4:45PM-5:00PM ET",Up,1778877900,1778878800,2026-05-15T20:45:00.000Z,2026-05-15T21:00:00.000Z,true,true,false,2026-05-15T21:00:00Z,2026-05-15 21:00:21+00,Up|Down,1|0,37354.133790000036,,https://polymarket.com/event/btc-updown-15m-1778877900
btc-updown-15m-1778878800,2263398,"Bitcoin Up or Down - May 15, 5:00PM-5:15PM ET",Up,1778878800,1778879700,2026-05-15T21:00:00.000Z,2026-05-15T21:15:00.000Z,true,true,false,2026-05-15T21:15:00Z,2026-05-15 21:15:16+00,Up|Down,1|0,37479.630963999996,,https://polymarket.com/event/btc-updown-15m-1778878800
btc-updown-15m-1778879700,2263660,"Bitcoin Up or Down - May 15, 5:15PM-5:30PM ET",Down,1778879700,1778880600,2026-05-15T21:15:00.000Z,2026-05-15T21:30:00.000Z,true,true,false,2026-05-15T21:30:00Z,2026-05-15 21:30:26+00,Up|Down,0|1,32002.285782000003,,https://polymarket.com/event/btc-updown-15m-1778879700
btc-updown-15m-1778880600,2263774,"Bitcoin Up or Down - May 15, 5:30PM-5:45PM ET",Up,1778880600,1778881500,2026-05-15T21:30:00.000Z,2026-05-15T21:45:00.000Z,true,true,false,2026-05-15T21:45:00Z,2026-05-15 21:45:16+00,Up|Down,1|0,54657.49593800006,,https://polymarket.com/event/btc-updown-15m-1778880600
btc-updown-15m-1778881500,2263835,"Bitcoin Up or Down - May 15, 5:45PM-6:00PM ET",Down,1778881500,1778882400,2026-05-15T21:45:00.000Z,2026-05-15T22:00:00.000Z,true,true,false,2026-05-15T22:00:00Z,2026-05-15 22:00:21+00,Up|Down,0|1,58764.76390999997,,https://polymarket.com/event/btc-updown-15m-1778881500
btc-updown-15m-1778882400,2263940,"Bitcoin Up or Down - May 15, 6:00PM-6:15PM ET",Up,1778882400,1778883300,2026-05-15T22:00:00.000Z,2026-05-15T22:15:00.000Z,true,true,false,2026-05-15T22:15:00Z,2026-05-15 22:15:15+00,Up|Down,1|0,25898.103491000016,,https://polymarket.com/event/btc-updown-15m-1778882400
btc-updown-15m-1778883300,2263983,"Bitcoin Up or Down - May 15, 6:15PM-6:30PM ET",Up,1778883300,1778884200,2026-05-15T22:15:00.000Z,2026-05-15T22:30:00.000Z,true,true,false,2026-05-15T22:30:00Z,2026-05-15 22:30:18+00,Up|Down,1|0,54047.49190500005,,https://polymarket.com/event/btc-updown-15m-1778883300
btc-updown-15m-1778884200,2264012,"Bitcoin Up or Down - May 15, 6:30PM-6:45PM ET",Up,1778884200,1778885100,2026-05-15T22:30:00.000Z,2026-05-15T22:45:00.000Z,true,true,false,2026-05-15T22:45:00Z,2026-05-15 22:45:53+00,Up|Down,1|0,29868.186978999955,,https://polymarket.com/event/btc-updown-15m-1778884200
btc-updown-15m-1778885100,2264076,"Bitcoin Up or Down - May 15, 6:45PM-7:00PM ET",Down,1778885100,1778886000,2026-05-15T22:45:00.000Z,2026-05-15T23:00:00.000Z,true,true,false,2026-05-15T23:00:00Z,2026-05-15 23:00:16+00,Up|Down,0|1,29128.855117000014,,https://polymarket.com/event/btc-updown-15m-1778885100
btc-updown-15m-1778886000,2264274,"Bitcoin Up or Down - May 15, 7:00PM-7:15PM ET",Down,1778886000,1778886900,2026-05-15T23:00:00.000Z,2026-05-15T23:15:00.000Z,true,true,false,2026-05-15T23:15:00Z,2026-05-15 23:15:19+00,Up|Down,0|1,42901.504896000006,,https://polymarket.com/event/btc-updown-15m-1778886000
btc-updown-15m-1778886900,2264335,"Bitcoin Up or Down - May 15, 7:15PM-7:30PM ET",Up,1778886900,1778887800,2026-05-15T23:15:00.000Z,2026-05-15T23:30:00.000Z,true,true,false,2026-05-15T23:30:00Z,2026-05-15 23:30:16+00,Up|Down,1|0,70991.58913300002,,https://polymarket.com/event/btc-updown-15m-1778886900
btc-updown-15m-1778887800,2264380,"Bitcoin Up or Down - May 15, 7:30PM-7:45PM ET",Up,1778887800,1778888700,2026-05-15T23:30:00.000Z,2026-05-15T23:45:00.000Z,true,true,false,2026-05-15T23:45:00Z,2026-05-15 23:45:16+00,Up|Down,1|0,37899.44360600001,,https://polymarket.com/event/btc-updown-15m-1778887800
btc-updown-15m-1778888700,2264427,"Bitcoin Up or Down - May 15, 7:45PM-8:00PM ET",Down,1778888700,1778889600,2026-05-15T23:45:00.000Z,2026-05-16T00:00:00.000Z,true,true,false,2026-05-16T00:00:00Z,2026-05-16 00:00:17+00,Up|Down,0|1,32623.442057000033,,https://polymarket.com/event/btc-updown-15m-1778888700
btc-updown-15m-1778889600,2264591,"Bitcoin Up or Down - May 15, 8:00PM-8:15PM ET",Up,1778889600,1778890500,2026-05-16T00:00:00.000Z,2026-05-16T00:15:00.000Z,true,true,false,2026-05-16T00:15:00Z,2026-05-16 00:15:17+00,Up|Down,1|0,27924.473434000007,,https://polymarket.com/event/btc-updown-15m-1778889600
btc-updown-15m-1778890500,2264697,"Bitcoin Up or Down - May 15, 8:15PM-8:30PM ET",Up,1778890500,1778891400,2026-05-16T00:15:00.000Z,2026-05-16T00:30:00.000Z,true,true,false,2026-05-16T00:30:00Z,2026-05-16 00:35:21+00,Up|Down,1|0,40758.75244200005,,https://polymarket.com/event/btc-updown-15m-1778890500
btc-updown-15m-1778891400,2264822,"Bitcoin Up or Down - May 15, 8:30PM-8:45PM ET",Down,1778891400,1778892300,2026-05-16T00:30:00.000Z,2026-05-16T00:45:00.000Z,true,true,false,2026-05-16T00:45:00Z,2026-05-16 00:45:16+00,Up|Down,0|1,31466.113687000015,,https://polymarket.com/event/btc-updown-15m-1778891400
btc-updown-15m-1778892300,2264986,"Bitcoin Up or Down - May 15, 8:45PM-9:00PM ET",Down,1778892300,1778893200,2026-05-16T00:45:00.000Z,2026-05-16T01:00:00.000Z,true,true,false,2026-05-16T01:00:00Z,2026-05-16 01:00:15+00,Up|Down,0|1,34208.93470099996,,https://polymarket.com/event/btc-updown-15m-1778892300
btc-updown-15m-1778893200,2265054,"Bitcoin Up or Down - May 15, 9:00PM-9:15PM ET",Up,1778893200,1778894100,2026-05-16T01:00:00.000Z,2026-05-16T01:15:00.000Z,true,true,false,2026-05-16T01:15:00Z,2026-05-16 01:15:16+00,Up|Down,1|0,26438.842695000003,,https://polymarket.com/event/btc-updown-15m-1778893200
btc-updown-15m-1778894100,2265092,"Bitcoin Up or Down - May 15, 9:15PM-9:30PM ET",Down,1778894100,1778895000,2026-05-16T01:15:00.000Z,2026-05-16T01:30:00.000Z,true,true,false,2026-05-16T01:30:00Z,2026-05-16 01:30:53+00,Up|Down,0|1,42163.59689400002,,https://polymarket.com/event/btc-updown-15m-1778894100
btc-updown-15m-1778895000,2265116,"Bitcoin Up or Down - May 15, 9:30PM-9:45PM ET",Down,1778895000,1778895900,2026-05-16T01:30:00.000Z,2026-05-16T01:45:00.000Z,true,true,false,2026-05-16T01:45:00Z,2026-05-16 01:45:15+00,Up|Down,0|1,48600.22182900003,,https://polymarket.com/event/btc-updown-15m-1778895000
btc-updown-15m-1778895900,2265163,"Bitcoin Up or Down - May 15, 9:45PM-10:00PM ET",Up,1778895900,1778896800,2026-05-16T01:45:00.000Z,2026-05-16T02:00:00.000Z,true,true,false,2026-05-16T02:00:00Z,2026-05-16 02:00:22+00,Up|Down,1|0,39167.879300999986,,https://polymarket.com/event/btc-updown-15m-1778895900
btc-updown-15m-1778896800,2265199,"Bitcoin Up or Down - May 15, 10:00PM-10:15PM ET",Up,1778896800,1778897700,2026-05-16T02:00:00.000Z,2026-05-16T02:15:00.000Z,true,true,false,2026-05-16T02:15:00Z,2026-05-16 02:15:18+00,Up|Down,1|0,50969.198873999994,,https://polymarket.com/event/btc-updown-15m-1778896800
btc-updown-15m-1778897700,2265227,"Bitcoin Up or Down - May 15, 10:15PM-10:30PM ET",Down,1778897700,1778898600,2026-05-16T02:15:00.000Z,2026-05-16T02:30:00.000Z,true,true,false,2026-05-16T02:30:00Z,2026-05-16 02:30:16+00,Up|Down,0|1,50991.36286199999,,https://polymarket.com/event/btc-updown-15m-1778897700
btc-updown-15m-1778898600,2265265,"Bitcoin Up or Down - May 15, 10:30PM-10:45PM ET",Down,1778898600,1778899500,2026-05-16T02:30:00.000Z,2026-05-16T02:45:00.000Z,true,true,false,2026-05-16T02:45:00Z,2026-05-16 02:45:20+00,Up|Down,0|1,32167.62921900001,,https://polymarket.com/event/btc-updown-15m-1778898600
btc-updown-15m-1778899500,2265307,"Bitcoin Up or Down - May 15, 10:45PM-11:00PM ET",Up,1778899500,1778900400,2026-05-16T02:45:00.000Z,2026-05-16T03:00:00.000Z,true,true,false,2026-05-16T03:00:00Z,2026-05-16 03:00:18+00,Up|Down,1|0,20475.381123000006,,https://polymarket.com/event/btc-updown-15m-1778899500
btc-updown-15m-1778900400,2265338,"Bitcoin Up or Down - May 15, 11:00PM-11:15PM ET",Up,1778900400,1778901300,2026-05-16T03:00:00.000Z,2026-05-16T03:15:00.000Z,true,true,false,2026-05-16T03:15:00Z,2026-05-16 03:15:18+00,Up|Down,1|0,53260.84159400003,,https://polymarket.com/event/btc-updown-15m-1778900400
btc-updown-15m-1778901300,2265444,"Bitcoin Up or Down - May 15, 11:15PM-11:30PM ET",Up,1778901300,1778902200,2026-05-16T03:15:00.000Z,2026-05-16T03:30:00.000Z,true,true,false,2026-05-16T03:30:00Z,2026-05-16 03:30:54+00,Up|Down,1|0,32210.72534799999,,https://polymarket.com/event/btc-updown-15m-1778901300
btc-updown-15m-1778902200,2265510,"Bitcoin Up or Down - May 15, 11:30PM-11:45PM ET",Down,1778902200,1778903100,2026-05-16T03:30:00.000Z,2026-05-16T03:45:00.000Z,true,true,false,2026-05-16T03:45:00Z,2026-05-16 03:45:25+00,Up|Down,0|1,49462.423825000005,,https://polymarket.com/event/btc-updown-15m-1778902200
btc-updown-15m-1778903100,2265559,"Bitcoin Up or Down - May 15, 11:45PM-12:00AM ET",Up,1778903100,1778904000,2026-05-16T03:45:00.000Z,2026-05-16T04:00:00.000Z,true,true,false,2026-05-16T04:00:00Z,2026-05-16 04:00:53+00,Up|Down,1|0,39253.26925999997,,https://polymarket.com/event/btc-updown-15m-1778903100
btc-updown-15m-1778904000,2266230,"Bitcoin Up or Down - May 16, 12:00AM-12:15AM ET",Down,1778904000,1778904900,2026-05-16T04:00:00.000Z,2026-05-16T04:15:00.000Z,true,true,false,2026-05-16T04:15:00Z,2026-05-16 04:15:16+00,Up|Down,0|1,55575.157867000045,,https://polymarket.com/event/btc-updown-15m-1778904000
btc-updown-15m-1778904900,2266272,"Bitcoin Up or Down - May 16, 12:15AM-12:30AM ET",Down,1778904900,1778905800,2026-05-16T04:15:00.000Z,2026-05-16T04:30:00.000Z,true,true,false,2026-05-16T04:30:00Z,2026-05-16 04:30:52+00,Up|Down,0|1,35257.15583099999,,https://polymarket.com/event/btc-updown-15m-1778904900
btc-updown-15m-1778905800,2266424,"Bitcoin Up or Down - May 16, 12:30AM-12:45AM ET",Down,1778905800,1778906700,2026-05-16T04:30:00.000Z,2026-05-16T04:45:00.000Z,true,true,false,2026-05-16T04:45:00Z,2026-05-16 04:45:16+00,Up|Down,0|1,66981.25642800002,,https://polymarket.com/event/btc-updown-15m-1778905800
btc-updown-15m-1778906700,2266509,"Bitcoin Up or Down - May 16, 12:45AM-1:00AM ET",Up,1778906700,1778907600,2026-05-16T04:45:00.000Z,2026-05-16T05:00:00.000Z,true,true,false,2026-05-16T05:00:00Z,2026-05-16 05:00:18+00,Up|Down,1|0,41991.33169399998,,https://polymarket.com/event/btc-updown-15m-1778906700
btc-updown-15m-1778907600,2266586,"Bitcoin Up or Down - May 16, 1:00AM-1:15AM ET",Up,1778907600,1778908500,2026-05-16T05:00:00.000Z,2026-05-16T05:15:00.000Z,true,true,false,2026-05-16T05:15:00Z,2026-05-16 05:15:17+00,Up|Down,1|0,37662.81485100002,0,https://polymarket.com/event/btc-updown-15m-1778907600
