timestampET,timestampUnix,title,slug,size,usdcSize,price,side,outcome,txHash
2026-05-18T20:59:26,1779152366,"XRP Up or Down - May 18, 8:45PM-9:00PM ET","xrp-updown-15m-1779151500",31.25,5.294,0.16,BUY,Up,0x67ecbece1f8b8b10867d23bd5976dfd4974c79036c55d1d3a9b1326a6eea3d98
2026-05-18T20:58:38,1779152318,"XRP Up or Down - May 18, 8:45PM-9:00PM ET","xrp-updown-15m-1779151500",11.62,4.96096,0.41,BUY,Up,0x2e72ab0501a76f241ec8a3a282d310c5eb485b53035b129977f840642dbdd8a5
2026-05-18T20:58:05,1779152285,"XRP Up or Down - May 18, 8:45PM-9:00PM ET","xrp-updown-15m-1779151500",14.7,5.07851,0.33,BUY,Up,0x451548cbeb34d54e6e48148e91ca689ce6a3100fbfdbf3c1d6599e56f3c89783
2026-05-18T20:55:47,1779152147,"XRP Up or Down - May 18, 8:45PM-9:00PM ET","xrp-updown-15m-1779151500",7.24,5.103999999999999,0.69,BUY,Down,0x865fb8e3b262c735e538af36432612a8c05e8851999c98945d6f0de70b53cd3f
2026-05-18T20:54:04,1779152044,"XRP Up or Down - May 18, 8:45PM-9:00PM ET","xrp-updown-15m-1779151500",10,5.175,0.5,BUY,Down,0x78d387b53f714436681818dc9cfa646438f6a3948691e612810af8fdf8d2e905
2026-05-18T20:53:53,1779152033,"XRP Up or Down - May 18, 8:45PM-9:00PM ET","xrp-updown-15m-1779151500",10.41,4.9696,0.46,BUY,Down,0x488c301375f2cf14065e2635cd14c2b75af7593c57adc84526d99c12613cef0d
2026-05-18T20:08:00,1779149280,"XRP Up or Down - May 18, 8:00PM-8:15PM ET","xrp-updown-15m-1779148800",6.75,5.0859000000000005,0.74,BUY,Up,0x553d8f8850953bbfcd3ac2c4e3855d08eb5fad41e1b958980e16c5aac399c130
2026-05-18T20:06:57,1779149217,"XRP Up or Down - May 18, 8:00PM-8:15PM ET","xrp-updown-15m-1779148800",8.62,5.05455,0.5692111368909513,BUY,Up,0x9a30d8e5be9343830b46bdc995ec54e4d5d72d9fb9aafe21a13a8716fbbed38b
2026-05-18T20:06:40,1779149200,"XRP Up or Down - May 18, 8:00PM-8:15PM ET","xrp-updown-15m-1779148800",7.93,5.0473799999999995,0.62,BUY,Down,0x99b64a21eff8572dc30bbe808c1f10f7114d77fc1e741438fb5ecb4350ff42ab
2026-05-18T20:05:35,1779149135,"XRP Up or Down - May 18, 8:00PM-8:15PM ET","xrp-updown-15m-1779148800",8.62,5.1329400000000005,0.578399071925754,BUY,Up,0x8a80cab6aef822b9c78ddf8130a51eadd156b90900cddabbb9fa4fc08e9729f6
2026-05-18T20:05:33,1779149133,"XRP Up or Down - May 18, 8:00PM-8:15PM ET","xrp-updown-15m-1779148800",8.92,5.09945,0.5543946188340807,BUY,Up,0xf68bb0c01c5ec46800fd3f175d0266f2c7f8d552b01adc30636f64761c34ccab
2026-05-18T20:05:00,1779149100,"XRP Up or Down - May 18, 8:00PM-8:15PM ET","xrp-updown-15m-1779148800",8.19,5.09752,0.6056898656898657,BUY,Down,0xd6c9968fcca7eb3ffac029a36cf0c318d9fd0f716cc9c12b19617e712c8f0b5d
2026-05-18T20:01:58,1779148918,"XRP Up or Down - May 18, 8:00PM-8:15PM ET","xrp-updown-15m-1779148800",5,2.9357800000000003,0.57,BUY,Up,0x5e62e132ea06718309f35258f3675529b068029299026ab68004eec9a0589623
2026-05-18T20:01:27,1779148887,"XRP Up or Down - May 18, 8:00PM-8:15PM ET","xrp-updown-15m-1779148800",4.35,2.2185,0.51,BUY,Up,0xa49cfdb0cb81668e4db93f3311140399712ceaa7fd923ef6f176ee94a70b7f95
2026-05-18T20:01:27,1779148887,"XRP Up or Down - May 18, 8:00PM-8:15PM ET","xrp-updown-15m-1779148800",5.448978,2.778979,0.5100000403745436,BUY,Up,0x776f09025e7d1c430060a643487d2b74c7377c1016d64599902de0c1df1e7e74
2026-05-18T19:35:36,1779147336,"XRP Up or Down - May 18, 7:30PM-7:45PM ET","xrp-updown-15m-1779147000",7.57,5.0662,0.6533949801849406,BUY,Up,0x2e0f41bf5992ba7a16692c59428e8d6ccc5c8dd64d26c26e83e955ea9f8bf6c1
2026-05-18T19:34:09,1779147249,"XRP Up or Down - May 18, 7:30PM-7:45PM ET","xrp-updown-15m-1779147000",1.12,0.64651,0.56,BUY,Down,0x542d697f37bfeac6e42089d488af7ee659ae432840d0b12411ecb451b935d739
2026-05-18T19:32:38,1779147158,"XRP Up or Down - May 18, 7:30PM-7:45PM ET","xrp-updown-15m-1779147000",8.77,5.14936,0.57,BUY,Down,0x1321f450892cf255e80702f1d66a4cc2147d50be429e3b23ad1b3948613a6de2
2026-05-18T19:12:18,1779145938,"XRP Up or Down - May 18, 7:00PM-7:15PM ET","xrp-updown-15m-1779145200",9.262294,3.612295,0.3900000367079689,BUY,Up,0x88dde8f9a67255c04f75792a8ac27b0030ebff6647fb1372156cf525c5ceec9f
2026-05-18T19:11:10,1779145870,"XRP Up or Down - May 18, 7:00PM-7:15PM ET","xrp-updown-15m-1779145200",13.51,5.08148,0.36,BUY,Up,0xab696a9346e7e6be04483283bd24cebe45abf6a6611738cd74e8508309811ee7
2026-05-18T19:11:04,1779145864,"XRP Up or Down - May 18, 7:00PM-7:15PM ET","xrp-updown-15m-1779145200",14.7,4.777100000000001,0.31,BUY,Up,0x1830a15e0e998eaced9883a73f9b1c0cfe7f5f25c07cf3c0fdaa5c934070a333
2026-05-18T19:10:01,1779145801,"XRP Up or Down - May 18, 7:00PM-7:15PM ET","xrp-updown-15m-1779145200",14.7,4.92791,0.32,BUY,Up,0xefcf28aa994ff2be0aa8a495580eecfcc69ba8cf29104c7626eef7603390f769
2026-05-18T19:10:01,1779145801,"XRP Up or Down - May 18, 7:00PM-7:15PM ET","xrp-updown-15m-1779145200",13.88,4.653020000000001,0.32,BUY,Up,0xed465d69e124164405b553d207481fadd585af49753fef3a5e97fb0fc40bd3d6
2026-05-18T18:58:21,1779145101,"XRP Up or Down - May 18, 6:45PM-7:00PM ET","xrp-updown-15m-1779144300",7.69,5.12096,0.65,BUY,Up,0xdd34631522e25134a80fb3a1c690abeb7c1b4e8745a2266e018703017f07a5e4
2026-05-18T18:57:55,1779145075,"XRP Up or Down - May 18, 6:45PM-7:00PM ET","xrp-updown-15m-1779144300",11.36,4.964910000000001,0.42,BUY,Up,0xf21c9e7ee54cd0e33dacfe9c6fde4f5faedf0237e24d0c48df85a6adc7308d63
2026-05-18T18:57:55,1779145075,"XRP Up or Down - May 18, 6:45PM-7:00PM ET","xrp-updown-15m-1779144300",11.36,4.964910000000001,0.42,BUY,Up,0x78e67059a2a8a0131c033ba035fd466a4398c81c8092b91bd18e20ca80a6995e
2026-05-18T18:57:34,1779145054,"XRP Up or Down - May 18, 6:45PM-7:00PM ET","xrp-updown-15m-1779144300",12.5,4.95615,0.38,BUY,Up,0xbb8fea894aa4894ca8f2e219ca857da1752851fe2c7007596c69f339f2f03916
2026-05-18T18:57:01,1779145021,"XRP Up or Down - May 18, 6:45PM-7:00PM ET","xrp-updown-15m-1779144300",26.31,5.007630000000001,0.18,BUY,Up,0x34d44c15993d039b11d899277922079ed7cafb0b4f8cc86b7a5688ca87d954bb
2026-05-18T18:47:48,1779144468,"XRP Up or Down - May 18, 6:45PM-7:00PM ET","xrp-updown-15m-1779144300",27.77,4.70446,0.16,BUY,Up,0xc3bd7899e3006af9689c64e9c64d3eb8b9f569606a1e244b364532a09543d531
2026-05-18T18:37:16,1779143836,"XRP Up or Down - May 18, 6:30PM-6:45PM ET","xrp-updown-15m-1779143400",18.51,4.67873,0.24,BUY,Up,0x2a4a17a9e2f2a3a9ffd0b1a9a107a2f3bed2c35e5b9a01ebf66b116d7785fa41
2026-05-18T18:29:15,1779143355,"XRP Up or Down - May 18, 6:30PM-6:45PM ET","xrp-updown-15m-1779143400",9.61,5.01536,0.5043912591050989,BUY,Down,0xd6bd46fd2a713d776c47443728d95e20a0c30668d51662977236c2462aa9a496
2026-05-18T18:29:08,1779143348,"XRP Up or Down - May 18, 6:30PM-6:45PM ET","xrp-updown-15m-1779143400",9.61,4.97317,0.5,BUY,Down,0x0bbf91de322b104fcbfcca7bf244b9afef12cb1b252f1d1758a503bf2c8ecdd1
2026-05-18T18:28:59,1779143339,"XRP Up or Down - May 18, 6:30PM-6:45PM ET","xrp-updown-15m-1779143400",10,5.07493,0.49,BUY,Down,0x28342006974420cf44ea0fbf50bb441057420b1f8663d22de9ab4e7419bc8105
2026-05-18T18:13:04,1779142384,"XRP Up or Down - May 18, 6:15PM-6:30PM ET","xrp-updown-15m-1779142500",6.49,3.4234199999999997,0.51,BUY,Up,0x0ebf7b09f238a613d969165902e8b70719859b44ba7d9473145267dcf71d6a65
2026-05-18T18:12:23,1779142343,"XRP Up or Down - May 18, 6:15PM-6:30PM ET","xrp-updown-15m-1779142500",7.35,3.90053,0.5131972789115646,BUY,Up,0x567a4552b731e7b7e2d2418404f3b6879809e3bf6246c6b8d522838e449f6d37
2026-05-18T18:12:01,1779142321,"XRP Up or Down - May 18, 6:15PM-6:30PM ET","xrp-updown-15m-1779142500",8.62,4.5469800000000005,0.51,BUY,Up,0x3e684580a16f2ab69d0d70cdc2f46e94e5938896c43ffcbefb09bdc20f4f929c
2026-05-18T18:10:19,1779142219,"XRP Up or Down - May 18, 6:15PM-6:30PM ET","xrp-updown-15m-1779142500",8.06,4.17105,0.5,BUY,Down,0x6eff35864e5dc8492fa511c3a38813527e8a3ee92291ef07bf42195d9df66e12
2026-05-18T18:06:04,1779141964,"XRP Up or Down - May 18, 6:15PM-6:30PM ET","xrp-updown-15m-1779142500",8.33,4.47325,0.5195318127250901,BUY,Up,0xcb30ad9a6d2c3cbd6b4adcad80761a51c19568ce87b7014b929ee1a71893c095
2026-05-18T18:05:29,1779141929,"XRP Up or Down - May 18, 6:15PM-6:30PM ET","xrp-updown-15m-1779142500",9.09,4.70407,0.5,BUY,Down,0x4ce0b3ae2eab32cbb415b153b4d2f7ae2eb43524740ded3dffa58968e04415fe
2026-05-18T18:05:22,1779141922,"XRP Up or Down - May 18, 6:15PM-6:30PM ET","xrp-updown-15m-1779142500",9.61,5.0691999999999995,0.51,BUY,Up,0xb2019f498dd0b6492b44d7cfe437830c6b8cd0cf31b283b248701e92dbaaca25
2026-05-18T18:03:26,1779141806,"XRP Up or Down - May 18, 6:15PM-6:30PM ET","xrp-updown-15m-1779142500",8.62,4.46085,0.5,BUY,Down,0xdd64cebcdaf2683681282407f33ca861bc1728a636294f6fd640579e3e4978d4
2026-05-18T18:03:07,1779141787,"XRP Up or Down - May 18, 6:15PM-6:30PM ET","xrp-updown-15m-1779142500",8.33,4.31077,0.5,BUY,Down,0xac2fec8a24a78ad19f95332e96f7c7eea6d50a4471d98fa2709543a34655c04e
2026-05-18T18:03:02,1779141782,"XRP Up or Down - May 18, 6:15PM-6:30PM ET","xrp-updown-15m-1779142500",8.33,4.31077,0.5,BUY,Down,0x776d1723141993f1b4493f944bb21619b47095aae60aec1d6d92cf5794c389b5
2026-05-18T18:03:00,1779141780,"XRP Up or Down - May 18, 6:15PM-6:30PM ET","xrp-updown-15m-1779142500",7.93,4.10377,0.5,BUY,Down,0xd9021dd05994048f71c7abd890080d0a47f945ec11ce2c4dc58bd565c330e23a
2026-05-18T18:02:58,1779141778,"XRP Up or Down - May 18, 6:15PM-6:30PM ET","xrp-updown-15m-1779142500",8.33,4.29137,0.49767106842737097,BUY,Down,0x8307fcd755acc15c519690ccb69eee0b9c673f5793220171da720dd5a318b262
2026-05-18T18:02:53,1779141773,"XRP Up or Down - May 18, 6:15PM-6:30PM ET","xrp-updown-15m-1779142500",8.06,4.09039,0.49,BUY,Down,0x6debe22c32affd364e5402758d8f8422c3c723ddf4cd721c25bb94c1f38d324e
2026-05-18T18:02:44,1779141764,"XRP Up or Down - May 18, 6:15PM-6:30PM ET","xrp-updown-15m-1779142500",8.47,4.383220000000001,0.5,BUY,Down,0x6d73e55e9d931c8e0cf42859963d0b27690383d0ef8225f406b0a39bde439383
2026-05-18T18:02:39,1779141759,"XRP Up or Down - May 18, 6:15PM-6:30PM ET","xrp-updown-15m-1779142500",10,5.175,0.5,BUY,Down,0x80459aaeb5ab79f6d7f6cc8dc16864e47b4e71a4ab80acddd8abb917609b7321
2026-05-18T18:02:11,1779141731,"XRP Up or Down - May 18, 6:15PM-6:30PM ET","xrp-updown-15m-1779142500",8.77,4.66374,0.5142987457240593,BUY,Up,0x7cdbcb7f64f7782d7e7d7f971497958f8269a7c37879aeab7d9cc82bb84e8712
2026-05-18T17:52:25,1779141145,"XRP Up or Down - May 18, 6:00PM-6:15PM ET","xrp-updown-15m-1779141600",8.62,4.46085,0.5,BUY,Up,0x39896eec651a21f28d05a1058c3a72c6448c4b91ed773c166a8caf0f8bde761b
2026-05-18T17:26:01,1779139561,"XRP Up or Down - May 18, 5:30PM-5:45PM ET","xrp-updown-15m-1779139800",6.75,3.4931200000000002,0.5,BUY,Up,0x24a02b179e11f9a6cd960e7259edf6647f3109a2e466f902a0b94d52bf318d8d
2026-05-18T17:25:56,1779139556,"XRP Up or Down - May 18, 5:30PM-5:45PM ET","xrp-updown-15m-1779139800",7.46,3.86055,0.5,BUY,Up,0xe226eecadb2f1fbf7a34189aed07bf1ad3b3a0462ea14ed35ceb4a4d71ce35cf
2026-05-18T17:25:03,1779139503,"XRP Up or Down - May 18, 5:30PM-5:45PM ET","xrp-updown-15m-1779139800",8.62,4.46085,0.5,BUY,Up,0x3fa8c5a6c986ca1c40c0d90b030af74d4c41a11dbbc23ba1bbc627e9839009d4
2026-05-18T17:11:54,1779138714,"XRP Up or Down - May 18, 5:15PM-5:30PM ET","xrp-updown-15m-1779138900",8.92,4.6161,0.5,BUY,Up,0xf08ce83f78e3a3988c6a89426fc0bfc797fd5f287f256bfdd571c37295325c7c
2026-05-18T17:09:27,1779138567,"XRP Up or Down - May 18, 5:15PM-5:30PM ET","xrp-updown-15m-1779138900",8.47,4.46786,0.51,BUY,Down,0x7e8669f3a41bebc5a5cfb6babb37109db318b244467ea221e537b6fccde0420a
2026-05-18T17:06:42,1779138402,"XRP Up or Down - May 18, 5:15PM-5:30PM ET","xrp-updown-15m-1779138900",7.24,3.81904,0.51,BUY,Down,0x4a6f4ea6f4c9b38c212fb65443ea7749dd3636fc69fedf166d054e67d46cc774
2026-05-18T16:30:03,1779136203,"XRP Up or Down - May 18, 4:30PM-4:45PM ET","xrp-updown-15m-1779136200",6.75,3.86944,0.5559703703703703,BUY,Down,0x4568afaa13ff260d053e1f5708e645701bc169f8585975218f3a6cf5e5f39b94
2026-05-18T16:30:03,1779136203,"XRP Up or Down - May 18, 4:30PM-4:45PM ET","xrp-updown-15m-1779136200",6.75,3.82944,0.55,BUY,Down,0x4aafd7deee36753ceff0e836b537305824a518496b4f96479502cec521417e2f
2026-05-18T16:30:01,1779136201,"XRP Up or Down - May 18, 4:30PM-4:45PM ET","xrp-updown-15m-1779136200",6.75,3.82944,0.55,BUY,Down,0x1a6d81727726e113f513b48b97b4e8e7e3834cd610e9d0190c9b8aedc6729dbd
2026-05-18T16:29:59,1779136199,"XRP Up or Down - May 18, 4:30PM-4:45PM ET","xrp-updown-15m-1779136200",8.33,4.66073,0.5421368547418968,BUY,Down,0x9c2b166e55dddd8fc8f558d848b2d83a02c9ef7c43a843b2bb803a595f924f82
2026-05-18T16:29:52,1779136192,"XRP Up or Down - May 18, 4:30PM-4:45PM ET","xrp-updown-15m-1779136200",5,2.63746,0.51,BUY,Down,0xd0a8246662dbbc97b2f1f79949840a88cf6ea5c250d0d07fd057348b040832da
2026-05-18T16:29:36,1779136176,"XRP Up or Down - May 18, 4:30PM-4:45PM ET","xrp-updown-15m-1779136200",6.57,3.38047,0.49703196347031964,BUY,Up,0x8b5e03c31b666e139b42cf14d97c9aa1cff9cd186774194baca6c9ccd925b566
2026-05-18T16:29:24,1779136164,"XRP Up or Down - May 18, 4:30PM-4:45PM ET","xrp-updown-15m-1779136200",8.62,4.37458,0.49,BUY,Up,0x0470e9c6d903ab2768adbbe69820b1d0ace1961815fc5b8f331a576cf2586992
2026-05-18T16:29:22,1779136162,"XRP Up or Down - May 18, 4:30PM-4:45PM ET","xrp-updown-15m-1779136200",9.43,4.73557,0.48469777306468714,BUY,Up,0x319f569662e92505fe4528911766f130392ebf23c3a75b100f48727e3300f0c4
2026-05-18T16:29:15,1779136155,"XRP Up or Down - May 18, 4:30PM-4:45PM ET","xrp-updown-15m-1779136200",7.93,4.35113,0.5312610340479192,BUY,Down,0xa4311624c6249f74252f4e0bc82dfb361b34e7763d9b01a19f2521ccaba9c69e
2026-05-18T16:29:07,1779136147,"XRP Up or Down - May 18, 4:30PM-4:45PM ET","xrp-updown-15m-1779136200",7.46,4.083880000000001,0.53,BUY,Down,0x635bef41d36daffe3d2e5458b75d79ae6443550512334530af74020f4a422250
2026-05-18T16:29:07,1779136147,"XRP Up or Down - May 18, 4:30PM-4:45PM ET","xrp-updown-15m-1779136200",7.24,3.89129,0.52,BUY,Down,0x5a5843fca1c38d3b649c849ee912ff745a45c948eff1c54de277c31a937a6eeb
2026-05-18T16:29:01,1779136141,"XRP Up or Down - May 18, 4:30PM-4:45PM ET","xrp-updown-15m-1779136200",7.14,3.89346,0.5278571428571428,BUY,Down,0xaa45899d3c70a897a3bb06b4543f401d131eeda50533d7820b4d290156a4a99b
2026-05-18T16:28:54,1779136134,"XRP Up or Down - May 18, 4:30PM-4:45PM ET","xrp-updown-15m-1779136200",8.47,4.552379999999999,0.52,BUY,Down,0x64537b6d0b9ea07f7b10d31548a51005e1c7cb3e0b3b14df911753e0a9f700f1
2026-05-18T16:28:21,1779136101,"XRP Up or Down - May 18, 4:30PM-4:45PM ET","xrp-updown-15m-1779136200",8.19,4.23832,0.5,BUY,Up,0x7331cd9b4f1c9a9ff81546e4111337c35725a7f18d982b308b6caa6400c7f73c
2026-05-18T16:27:23,1779136043,"XRP Up or Down - May 18, 4:30PM-4:45PM ET","xrp-updown-15m-1779136200",7.24,3.81904,0.51,BUY,Down,0xd377d4a4ab56a80a574c6498fc120693903b37e2421dc3193d14498bc42bee42
2026-05-18T16:26:12,1779135972,"XRP Up or Down - May 18, 4:30PM-4:45PM ET","xrp-updown-15m-1779136200",8.06,4.25159,0.51,BUY,Down,0xa7a0cff286ed1ece33ff82a27ca52595839d8817de4b17b608b068bdabf79067
2026-05-18T16:25:00,1779135900,"XRP Up or Down - May 18, 4:30PM-4:45PM ET","xrp-updown-15m-1779136200",8.77,4.53847,0.5,BUY,Up,0xe3634921709b6a72cc24eddf8667ddb2ab24415b47a45ff50a0de6a438630436
2026-05-18T16:08:29,1779134909,"XRP Up or Down - May 18, 4:15PM-4:30PM ET","xrp-updown-15m-1779135300",7.57,3.9688499999999998,0.5067899603698811,BUY,Up,0xbf751f8a4eab615f5498c2b6ba2ef43bfb0dd9c08e48612020a274befe253b8e
2026-05-18T16:07:07,1779134827,"XRP Up or Down - May 18, 4:15PM-4:30PM ET","xrp-updown-15m-1779135300",8.62,4.5469800000000005,0.51,BUY,Up,0xcefcaf0c69ab5ce5c7c6f8e8bd4df56c8f631787073affaa18ff58dd6c78de34
2026-05-18T15:59:11,1779134351,"XRP Up or Down - May 18, 3:45PM-4:00PM ET","xrp-updown-15m-1779133500",6.02,5.04938,0.8288372093023256,BUY,Up,0x097aad5818b338322c8d472247ac855ac24174bcbc6e98d3c4f8466dbe60f3bc
2026-05-18T15:47:33,1779133653,"XRP Up or Down - May 18, 3:45PM-4:00PM ET","xrp-updown-15m-1779133500",8.33,4.80847,0.56,BUY,Up,0xe26be04907ecef78f5acf03a8c5b396b304ed7cf50d10c53924d1d8118a2e939
2026-05-18T13:57:39,1779127059,"XRP Up or Down - May 18, 1:45PM-2:00PM ET","xrp-updown-15m-1779126300",7.81,5.0477300000000005,0.63,BUY,Down,0x1c2be23f790055e8b95bbedc6c75a3f0019a15af62a6750dfc14b4bb2c534c0f
2026-05-18T13:57:35,1779127055,"XRP Up or Down - May 18, 1:45PM-2:00PM ET","xrp-updown-15m-1779126300",7.81,4.89415,0.61,BUY,Down,0xa3264293579a20c35402b4372ffc90fc170a205f02a5ee114fc5ffdc5f3d646a
2026-05-18T13:54:12,1779126852,"XRP Up or Down - May 18, 1:45PM-2:00PM ET","xrp-updown-15m-1779126300",10.41,4.9696,0.46,BUY,Up,0xa7e64d87655517540058067c4cf9b933af5b5fceacedf79fed1d23304f3db4a7
2026-05-18T13:28:48,1779125328,"XRP Up or Down - May 18, 1:15PM-1:30PM ET","xrp-updown-15m-1779124500",5.43,4.9212,0.9,BUY,Up,0x4854a62e0e6dfdb808bf4619b2ca8bbec019594cb44aef90d0c083b81e63be8b
2026-05-18T13:28:08,1779125288,"XRP Up or Down - May 18, 1:15PM-1:30PM ET","xrp-updown-15m-1779124500",6.02,5.05605,0.83,BUY,Up,0x267c3ba9105b7f89a408aa3d6a4c2af0eb1562e2312502e01a5ddadd91a6640a
2026-05-18T11:31:33,1779118293,"XRP Up or Down - May 18, 11:30AM-11:45AM ET","xrp-updown-15m-1779118200",1.54,0.98019,0.62,BUY,Up,0x37aef3bd3468ff12caa5e81398c7ae2191de398aff2795943bb72c98294c7aa0
2026-05-18T11:27:02,1779118022,"XRP Up or Down - May 18, 11:15AM-11:30AM ET","xrp-updown-15m-1779117300",16.72,5.08978,0.29,BUY,Up,0x784e723548a77bf86683ac41f5bc1d3c046da33f3c7d4e96a141b6d083905c9a
2026-05-18T11:27:02,1779118022,"XRP Up or Down - May 18, 11:15AM-11:30AM ET","xrp-updown-15m-1779117300",4.33,1.2734999999999999,0.28,BUY,Up,0x428be3083a5599024d154f53a3acd7112804081a08e5096df692385857c93213
2026-05-18T10:59:21,1779116361,"XRP Up or Down - May 18, 10:45AM-11:00AM ET","xrp-updown-15m-1779115500",8.62,4.9996,0.58,BUY,Down,0xe4c4a803c17df74498a65b17bd12b82caf72e0dde88457d61d96830570be8349
2026-05-18T10:59:19,1779116359,"XRP Up or Down - May 18, 10:45AM-11:00AM ET","xrp-updown-15m-1779115500",7.14,4.95245,0.6783473389355742,BUY,Down,0x213e96d8174cafb6fd907b8fd1fef173566e4e520fda9946b70d679365740159
2026-05-18T10:59:05,1779116345,"XRP Up or Down - May 18, 10:45AM-11:00AM ET","xrp-updown-15m-1779115500",8.92,4.9719,0.54,BUY,Down,0x53ba69729b51959d745befcacf262afe1e7556a184a4473518a7b5c4fa00010b
2026-05-18T10:58:46,1779116326,"XRP Up or Down - May 18, 10:45AM-11:00AM ET","xrp-updown-15m-1779115500",7.73,2.6282,0.34,BUY,Up,0x793911c7feb9c99ba75d31d2ae636b4992223d74873058b97c9b276eff6e6bea
2026-05-18T10:58:46,1779116326,"XRP Up or Down - May 18, 10:45AM-11:00AM ET","xrp-updown-15m-1779115500",6.969694,2.369696,0.34000000573913286,BUY,Up,0xaed89e9d16c4c3c56cc6e82ac06fd811b9e8d498ddfea17e809eb3098b9ce6f6
2026-05-14T00:33:50,1778733230,"XRP Up or Down - May 14, 12:30AM-12:45AM ET","xrp-updown-15m-1778733000",13.69,9.77228,0.6991015339663988,BUY,Up,0x7f9aac380ae0575c022556682d3c6dc0cde3cdcc245286a185f14611cec51596
2026-05-13T22:35:11,1778726111,"XRP Up or Down - May 13, 10:30PM-10:45PM ET","xrp-updown-15m-1778725800",14.7,10.10559,0.6720272108843537,BUY,Down,0x119b33a98eeb4bfe0677a67e96761bb0676608ed0c12af810280bddca98f483c
2026-05-13T22:15:02,1778724902,"XRP Up or Down - May 13, 10:00PM-10:15PM ET","xrp-updown-15m-1778724000",13.88,8.83853,0.6202953890489914,BUY,Down,0xa8354735fc0b08fb7c977cfbea04d633ff8c4764e9f7635b158f9cbfe813073d
2026-05-13T22:15:02,1778724902,"XRP Up or Down - May 13, 10:00PM-10:15PM ET","xrp-updown-15m-1778724000",10.63,9.83436,0.92,BUY,Down,0x9ed39d91d37ea6cc2800186faff9780bde17fd9640ca482e7da61ee6b75d9259
2026-05-13T21:53:06,1778723586,"XRP Up or Down - May 13, 9:45PM-10:00PM ET","xrp-updown-15m-1778723100",8.39,3.5696100000000004,0.40854588796185937,BUY,Down,0x4367c29f8ed0fdede9bab3589d864b3bfe5f2dd5196287467939f9846bf3b42d
2026-05-13T21:33:54,1778722434,"XRP Up or Down - May 13, 9:30PM-9:45PM ET","xrp-updown-15m-1778722200",12.19,9.9958,0.82,BUY,Down,0xa4254059db3c18387b609440750464ac579804c5a68feece39f2e7ee01a7e1f6
2026-05-13T21:33:05,1778722385,"XRP Up or Down - May 13, 9:30PM-9:45PM ET","xrp-updown-15m-1778722200",10.31,7.36855,0.7,BUY,Up,0x51cb1725d749b1b8233e8409e2c9aeb076ef9ff8453d3a2e216f5732259de84a
2026-05-13T21:31:34,1778722294,"XRP Up or Down - May 13, 9:30PM-9:45PM ET","xrp-updown-15m-1778722200",5,2.88624,0.56,BUY,Up,0x6904a064fc1bda636a4423f863795e3d201311fba02b2e5b92032c7d50a6fe01
2026-05-13T21:29:51,1778722191,"XRP Up or Down - May 13, 9:15PM-9:30PM ET","xrp-updown-15m-1778721300",1.85,0.37,0.2,BUY,Down,0x9fce5d87fa00b00b8a2bd0f92477c61d72fe6a11eeb1539f0ce2c35683d466c7
2026-05-13T21:29:06,1778722146,"XRP Up or Down - May 13, 9:15PM-9:30PM ET","xrp-updown-15m-1778721300",14.08,4.28613,0.29,BUY,Up,0x308bdd62fc931b3f2cf248e261c57ae0e2b814f296408b5317aacb2a80f7a78f
2026-05-13T21:28:50,1778722130,"XRP Up or Down - May 13, 9:15PM-9:30PM ET","xrp-updown-15m-1778721300",18.51,10.133049999999999,0.53,BUY,Down,0xc4b6d8e96e46ca68521cf8bcd88f3f98416d81573b30bccd5e79c8837217acf6
2026-05-13T21:25:15,1778721915,"XRP Up or Down - May 13, 9:15PM-9:30PM ET","xrp-updown-15m-1778721300",13.07,8.8315,0.66,BUY,Up,0x03d5b539650eae384b5d7c86e694ac851ab101b8b3aa7927332331c74eb5dfdc
2026-05-13T21:25:11,1778721911,"XRP Up or Down - May 13, 9:15PM-9:30PM ET","xrp-updown-15m-1778721300",5.375,3.225,0.6,BUY,Up,0x40aafaee40973fa7a04f37b9f1a06b959e0c421347e9812f6d11dc0d67116332
2026-05-13T21:15:32,1778721332,"XRP Up or Down - May 13, 9:15PM-9:30PM ET","xrp-updown-15m-1778721300",2.222221,1.222222,0.5500002025001114,BUY,Down,0xee102c65fb9f66308152609c9e9cd165295409897d0e2a1eb9ffb6cfb3cd2873
2026-05-13T20:55:23,1778720123,"XRP Up or Down - May 13, 8:45PM-9:00PM ET","xrp-updown-15m-1778719500",5.9,3.46422,0.57,BUY,Up,0x7e6274304363fa75c3400c3ab22ef36e9ec32fca44c9543a833fa4286daeb389
2026-05-13T20:19:11,1778717951,"XRP Up or Down - May 13, 8:15PM-8:30PM ET","xrp-updown-15m-1778717700",5,0.7,0.14,BUY,Down,0x338f77319802f4dd2d6cf4e248951796ef79f025741204568bc33706450fba15
2026-05-13T20:09:07,1778717347,"XRP Up or Down - May 13, 8:00PM-8:15PM ET","xrp-updown-15m-1778716800",2.406895,1.010896,0.42000004154730475,BUY,Down,0x936e87597054ec8193e8f586448566b832bb54e60f0453d373b3db74d4cf788e
2026-05-13T20:09:05,1778717345,"XRP Up or Down - May 13, 8:00PM-8:15PM ET","xrp-updown-15m-1778716800",23.25,10.3964,0.43,BUY,Down,0xe15cf22b9d6af6d59e156295095fa08ec872f6f0ab446a38313f871bb6308c33
2026-05-13T20:07:19,1778717239,"XRP Up or Down - May 13, 8:00PM-8:15PM ET","xrp-updown-15m-1778716800",16.94,10.116230000000002,0.5801298701298702,BUY,Down,0x7f102fcd0364abd5ce62ab13ca65850135d97c69aa254c397bea0804cd991fc9
2026-05-13T20:07:12,1778717232,"XRP Up or Down - May 13, 8:00PM-8:15PM ET","xrp-updown-15m-1778716800",5,2.83662,0.55,BUY,Down,0x9f6c2fe42893793ed4ec8a2aaaef651514094e4890fb454fd1a3729dcbbfd1bf
2026-05-13T20:06:03,1778717163,"XRP Up or Down - May 13, 8:00PM-8:15PM ET","xrp-updown-15m-1778716800",12.83,7.41214,0.5604754481683554,BUY,Down,0x4dc55b7edc1f9459162dfce282e88b03f5077f57e31e769d552ba2ebfe4ab017
2026-05-13T20:05:30,1778717130,"XRP Up or Down - May 13, 8:00PM-8:15PM ET","xrp-updown-15m-1778716800",15.87,9.9981,0.63,BUY,Up,0x81b8cf080000fe5b1b741fe35748f613f3b3836244869665fac3e11efa5a8e6a
2026-05-13T20:05:30,1778717130,"XRP Up or Down - May 13, 8:00PM-8:15PM ET","xrp-updown-15m-1778716800",14.08,10.08319,0.7014772727272728,BUY,Up,0x5f611e2287cc77f6d89b6dc94a45cb5dac104c2f9ccfb563654848e3c144c5d5
2026-05-13T19:47:25,1778716045,"XRP Up or Down - May 13, 7:45PM-8:00PM ET","xrp-updown-15m-1778715900",3.8,2.64188,0.68,BUY,Up,0x3163142d5b578bc1ba888714a79a834f8c7172da5c1631edaa41ed5b17bd6333
2026-05-13T19:41:05,1778715665,"XRP Up or Down - May 13, 7:30PM-7:45PM ET","xrp-updown-15m-1778715000",13.88,9.96123,0.7030547550432277,BUY,Up,0x0c89f579454052240ca8c9e489f27adea20ff2d83d8595dc0c204213e37b3a13
2026-05-13T19:39:36,1778715576,"XRP Up or Down - May 13, 7:30PM-7:45PM ET","xrp-updown-15m-1778715000",16.58,9.44179,0.5521592279855247,BUY,Up,0x030f0e9ef2548da670cdde5a132091e4ea94f1b1582f01eba17fe09cfe11f947
2026-05-13T19:39:26,1778715566,"XRP Up or Down - May 13, 7:30PM-7:45PM ET","xrp-updown-15m-1778715000",10,4.67325,0.45,BUY,Up,0xe57e7412383b4fd978774cfe1a930d6813b1fbf514312ca2a6262ece9235b14d
2026-05-13T18:44:08,1778712248,"XRP Up or Down - May 13, 6:30PM-6:45PM ET","xrp-updown-15m-1778711400",5,0.45,0.09,BUY,Down,0xdcac8dd2cc53395512086867ce196b5722c0ded41721ba8070f8f47f3dde01bb
2026-05-13T18:41:11,1778712071,"XRP Up or Down - May 13, 6:30PM-6:45PM ET","xrp-updown-15m-1778711400",6.72,4.07858,0.59,BUY,Up,0x7c77c81170c14ef3800604a6bc53f04920635e9e8a0e6ec1df68044042ea8462
2026-05-13T18:40:45,1778712045,"XRP Up or Down - May 13, 6:30PM-6:45PM ET","xrp-updown-15m-1778711400",15.16,7.8453,0.5,BUY,Up,0x6d26af97ae6550eac8e53429480ce5ba5875def285f077686d243c06a40da2da
2026-05-13T18:38:56,1778711936,"XRP Up or Down - May 13, 6:30PM-6:45PM ET","xrp-updown-15m-1778711400",1.361453,0.612654,0.4500001101764071,BUY,Up,0x63f59d507d62e50f935b72911cca7d7c4730ff60c27082cac76c8e0d6a5091a7
2026-05-13T18:32:10,1778711530,"XRP Up or Down - May 13, 6:30PM-6:45PM ET","xrp-updown-15m-1778711400",8.24,3.7904,0.46,BUY,Up,0x3b17dfa9493dd50a1423909050e206e449d48496f0af562b509d2407b88a8607
2026-05-13T18:32:10,1778711530,"XRP Up or Down - May 13, 6:30PM-6:45PM ET","xrp-updown-15m-1778711400",13.48148,6.201481,0.46000001483516645,BUY,Up,0xdf84b4b55aa90eda4efd2893c2fe3d08ff8d700ced22edf550691b31a4c73ac7
2026-05-13T18:26:57,1778711217,"XRP Up or Down - May 13, 6:15PM-6:30PM ET","xrp-updown-15m-1778710500",11.72,5.5949800000000005,0.46,BUY,Down,0xea6c682b06612916aee456db4ed7385e71497bc33e5e1db2906ab319274359da
2026-05-13T18:03:05,1778709785,"XRP Up or Down - May 13, 6:00PM-6:15PM ET","xrp-updown-15m-1778709600",9.551019,4.87102,0.5100000324572698,BUY,Up,0x25ccc7f05b70036b8aa706b47c4138554e0207487abcd799524e12bce9260668
2026-05-13T18:02:58,1778709778,"XRP Up or Down - May 13, 6:00PM-6:15PM ET","xrp-updown-15m-1778709600",21.27,9.725660000000001,0.44,BUY,Down,0xa2cebf962f37d1dd6e03fc0bea5e3f6fa87d9be4c98f6afe7546e1ea5a647e6a
2026-05-13T18:02:57,1778709777,"XRP Up or Down - May 13, 6:00PM-6:15PM ET","xrp-updown-15m-1778709600",3.42,1.881,0.55,BUY,Up,0xf181338f6eebfd39f473a634331bb905df3c03a79b1eb99c4f9ba4e1610a32b0
2026-05-13T18:02:57,1778709777,"XRP Up or Down - May 13, 6:00PM-6:15PM ET","xrp-updown-15m-1778709600",17.85,9.996,0.56,BUY,Up,0xf181338f6eebfd39f473a634331bb905df3c03a79b1eb99c4f9ba4e1610a32b0
2026-05-13T18:01:36,1778709696,"XRP Up or Down - May 13, 6:00PM-6:15PM ET","xrp-updown-15m-1778709600",6,3.4634799999999997,0.56,BUY,Down,0x1d9f7bcb6b3487ac02b3f24882807eedf56c2fe05a8f581230668e7aaf8d9b4e
2026-05-13T18:01:29,1778709689,"XRP Up or Down - May 13, 6:00PM-6:15PM ET","xrp-updown-15m-1778709600",6.72,3.14042,0.45,BUY,Down,0xecbe4eb458da7a45b73d267be728f6659b829c5fb1028812f469c9cfc58d9945
2026-05-13T18:00:02,1778709602,"XRP Up or Down - May 13, 5:45PM-6:00PM ET","xrp-updown-15m-1778708700",11.11,9.999,0.9,BUY,Up,0xc7e3aee0bc7628c60db8bbfbc43937bd055d20217944552b2ff191e59fea5079
2026-05-13T17:59:56,1778709596,"XRP Up or Down - May 13, 5:45PM-6:00PM ET","xrp-updown-15m-1778708700",23.25,9.92619,0.41,BUY,Up,0xc993accfe985b3211c8fe8572a774ec8db6ca723c796002e34dbebce9d071016
2026-05-13T17:59:23,1778709563,"XRP Up or Down - May 13, 5:45PM-6:00PM ET","xrp-updown-15m-1778708700",23.8,9.84722,0.39699159663865546,BUY,Up,0x1313e2e889f2e1c996956d26cd0c70e2c70172aa27779bef03cd4e1c0f7b096d
2026-05-13T17:58:57,1778709537,"XRP Up or Down - May 13, 5:45PM-6:00PM ET","xrp-updown-15m-1778708700",6.14,4.137700000000001,0.6581433224755701,BUY,Down,0x272d22f078ff0b33b712ffab7e28d3b7dd4964b343c62bf2bc529cfe3714cca6
2026-05-13T17:40:12,1778708412,"XRP Up or Down - May 13, 5:30PM-5:45PM ET","xrp-updown-15m-1778707800",4.62,3.34678,0.71,BUY,Down,0x50bfcb272319a359fc79158f2956ab6b9ec42f85e47b1970769627dcb0091101
2026-05-13T16:56:32,1778705792,"XRP Up or Down - May 13, 4:45PM-5:00PM ET","xrp-updown-15m-1778705100",19.23,9.68426,0.4861154446177847,BUY,Up,0xc284863dd357e3cb87c0def913f6ec74bb6ccb8e3e56ff25741f80081fe72c0f
2026-05-13T16:53:16,1778705596,"XRP Up or Down - May 13, 4:45PM-5:00PM ET","xrp-updown-15m-1778705100",16.12,10.0524,0.6068982630272953,BUY,Up,0x788bd8d91d9cc2b9d19998f29df2732f6bff9415b1b370ee7115170949dd8624
2026-05-13T16:45:27,1778705127,"XRP Up or Down - May 13, 4:45PM-5:00PM ET","xrp-updown-15m-1778705100",14.92,9.94333,0.650529490616622,BUY,Up,0xd29a3da7cdd28c30cda19cce4d936b97e40cffa3902aa0121f9002238b4fd546
2026-05-13T16:17:04,1778703424,"XRP Up or Down - May 13, 4:15PM-4:30PM ET","xrp-updown-15m-1778703300",6.72,4.73741,0.69,BUY,Up,0xcdc064844b78bdca116d25d0fab314a0e940d0c59c795df6628ad3cc6b56864b
2026-05-13T15:59:22,1778702362,"XRP Up or Down - May 13, 3:45PM-4:00PM ET","xrp-updown-15m-1778701500",8.48,6.634720000000001,0.77,BUY,Up,0xa9db37b80437bbe00e7003affcb365e509fc42357c5f3de539e35bb34c44f457
2026-05-13T15:59:10,1778702350,"XRP Up or Down - May 13, 3:45PM-4:00PM ET","xrp-updown-15m-1778701500",29.41,10.12955,0.3289731383883033,BUY,Down,0xea265c8b95d9cbf64ea54992302a3f4600c12d0842a8e6dae6ca10176d56fc33
2026-05-13T15:58:36,1778702316,"XRP Up or Down - May 13, 3:45PM-4:00PM ET","xrp-updown-15m-1778701500",13.15,10.12893,0.7573992395437262,BUY,Up,0xac1e3259bfa91aea6bf47567ba21c6b396ce98e5d83c18c1aaca168920d5919a
2026-05-13T15:44:50,1778701490,"XRP Up or Down - May 13, 3:30PM-3:45PM ET","xrp-updown-15m-1778700600",18.86,9.00353,0.46,BUY,Down,0x6e8fd19eb4f4548ce5654b549551135c5d70e55ed07540bc2e1b471211a82de1
2026-05-13T14:41:03,1778697663,"XRP Up or Down - May 13, 2:30PM-2:45PM ET","xrp-updown-15m-1778697000",5,3.67056,0.72,BUY,Down,0x172f3c1884b000bd5bed7c5673c9341182b01329965b8e934f9810d8e30ce339
2026-05-13T14:17:22,1778696242,"XRP Up or Down - May 13, 2:15PM-2:30PM ET","xrp-updown-15m-1778696100",7.625,4.575,0.6,BUY,Down,0x6c0fa6347068691ceca2596bbdae306c00f0df55548f51b9ddb0f98b4666ef67
2026-05-13T14:00:50,1778695250,"XRP Up or Down - May 13, 2:00PM-2:15PM ET","xrp-updown-15m-1778695200",6.793512,4.279913,0.6300000647676783,BUY,Up,0x0c13c1f9259b932dbe9df87f654cad9953bd94cb08c42dcf767d71204aa7bd6a
2026-05-13T13:57:08,1778695028,"XRP Up or Down - May 13, 1:45PM-2:00PM ET","xrp-updown-15m-1778694300",2.64,1.55009,0.57,BUY,Down,0x4b10b67ebf435434a69fc4d25c6a6b61b13a7e012da6998ef242f6072a0ad859
2026-05-13T13:45:42,1778694342,"XRP Up or Down - May 13, 1:45PM-2:00PM ET","xrp-updown-15m-1778694300",19.23,10.18233,0.51201248049922,BUY,Down,0x2d7072b819072af8da3d350810caab01ec1c91d65008e1ad52c87006f9147288
2026-05-13T13:45:31,1778694331,"XRP Up or Down - May 13, 1:45PM-2:00PM ET","xrp-updown-15m-1778694300",20,10.35,0.5,BUY,Down,0x0c632b23faa1495e846c488dc28e986a725025806d80091c3db58f202fa345c2
2026-05-13T13:29:51,1778693391,"XRP Up or Down - May 13, 1:15PM-1:30PM ET","xrp-updown-15m-1778692500",17.24,9.741349999999999,0.5477030162412994,BUY,Up,0x25894ed0b5b0965bd8f2ccacc36394940e8e715a0148bfee0e4843fa2c4dc6ab
2026-05-13T13:28:45,1778693325,"XRP Up or Down - May 13, 1:15PM-1:30PM ET","xrp-updown-15m-1778692500",17.54,10.19888,0.5642531356898518,BUY,Down,0xd499450d9f34b5552db3e305649d2236f4b220d6574e085f7ab7d5094334e9a5
2026-05-13T13:28:45,1778693325,"XRP Up or Down - May 13, 1:15PM-1:30PM ET","xrp-updown-15m-1778692500",17.02,9.754930000000002,0.5558636897767333,BUY,Down,0xe729098252608461e37635b210f97b5b8140868060d985fb3256208ff558ac57
2026-05-13T13:25:20,1778693120,"XRP Up or Down - May 13, 1:15PM-1:30PM ET","xrp-updown-15m-1778692500",5.56,3.4472,0.62,BUY,Up,0x2df54448b675bc91e9f85532c3f36d3bedc05698e56a5563489b54b6a308e023
2026-05-13T13:25:04,1778693104,"XRP Up or Down - May 13, 1:15PM-1:30PM ET","xrp-updown-15m-1778692500",15.67,9.2453,0.59,BUY,Down,0x71026a4ab22cb0692958c5b46cea5b0371b2b113adaa2d79c50d8c47e6dac136
2026-05-13T13:25:04,1778693104,"XRP Up or Down - May 13, 1:15PM-1:30PM ET","xrp-updown-15m-1778692500",1.26195,0.744551,0.5900003962122112,BUY,Down,0x8934262b19835c786c10202f0a62d7d1694411ae890c20ebe1bb601bafb0ceaf
